date,1. open,2. high,3. low,4. close,5. volume,date_time
2023-11-13 19:45:00,132.03,132.03,131.92,131.95,2867.0,2023-11-13 19:45:00
2023-11-13 19:30:00,131.92,132.02,131.92,131.99,2388.0,2023-11-13 19:30:00
2023-11-13 19:15:00,132.02,132.05,131.92,131.95,1404.0,2023-11-13 19:15:00
2023-11-13 19:00:00,132.01,132.09,131.92,132.04,1374.0,2023-11-13 19:00:00
2023-11-13 18:45:00,132.0,132.04,131.93,131.94,541.0,2023-11-13 18:45:00
2023-11-13 18:30:00,132.01,132.01,131.947,132.0,583.0,2023-11-13 18:30:00
2023-11-13 18:15:00,132.08,132.08,131.93,131.95,818.0,2023-11-13 18:15:00
2023-11-13 18:00:00,132.03,132.08,131.95,131.95,324.0,2023-11-13 18:00:00
2023-11-13 17:45:00,132.05,132.08,132.0,132.03,877.0,2023-11-13 17:45:00
2023-11-13 17:30:00,132.08,132.09,131.94,132.08,227968.0,2023-11-13 17:30:00
2023-11-13 17:15:00,131.94,135.941,130.097,132.09,45280.0,2023-11-13 17:15:00
2023-11-13 17:00:00,132.02,132.09,131.94,132.05,13887.0,2023-11-13 17:00:00
2023-11-13 16:45:00,132.06,132.12,132.02,132.06,8272.0,2023-11-13 16:45:00
2023-11-13 16:30:00,132.1,132.11,132.06,132.06,6501.0,2023-11-13 16:30:00
2023-11-13 16:15:00,132.09,132.11,132.06,132.11,3370.0,2023-11-13 16:15:00
2023-11-13 16:00:00,132.09,132.21,132.0,132.09,4780738.0,2023-11-13 16:00:00
2023-11-13 15:45:00,132.27,132.29,132.03,132.09,2063980.0,2023-11-13 15:45:00
2023-11-13 15:30:00,132.355,132.355,132.2,132.265,681303.0,2023-11-13 15:30:00
2023-11-13 15:15:00,132.57,132.575,132.32,132.36,525744.0,2023-11-13 15:15:00
2023-11-13 15:00:00,132.44,132.59,132.3,132.575,421432.0,2023-11-13 15:00:00
2023-11-13 14:45:00,132.525,132.56,132.34,132.44,331239.0,2023-11-13 14:45:00
2023-11-13 14:30:00,132.55,132.59,132.37,132.53,454238.0,2023-11-13 14:30:00
2023-11-13 14:15:00,132.305,132.58,132.23,132.55,317051.0,2023-11-13 14:15:00
2023-11-13 14:00:00,132.23,132.311,132.17,132.311,217897.0,2023-11-13 14:00:00
2023-11-13 13:45:00,132.34,132.44,132.21,132.23,293219.0,2023-11-13 13:45:00
2023-11-13 13:30:00,132.14,132.33,132.06,132.33,299181.0,2023-11-13 13:30:00
2023-11-13 13:15:00,132.14,132.26,132.0,132.135,394781.0,2023-11-13 13:15:00
2023-11-13 13:00:00,132.21,132.21,131.98,132.14,373587.0,2023-11-13 13:00:00
2023-11-13 12:45:00,132.2,132.27,132.07,132.2,360054.0,2023-11-13 12:45:00
2023-11-13 12:30:00,132.22,132.33,132.07,132.21,337481.0,2023-11-13 12:30:00
2023-11-13 12:15:00,132.17,132.31,132.03,132.19,244665.0,2023-11-13 12:15:00
2023-11-13 12:00:00,132.27,132.38,132.05,132.18,346257.0,2023-11-13 12:00:00
2023-11-13 11:45:00,132.23,132.49,132.19,132.27,620429.0,2023-11-13 11:45:00
2023-11-13 11:30:00,132.37,132.395,132.08,132.22,433932.0,2023-11-13 11:30:00
2023-11-13 11:15:00,132.3,132.41,132.12,132.38,409532.0,2023-11-13 11:15:00
2023-11-13 11:00:00,132.15,132.33,132.0,132.305,493079.0,2023-11-13 11:00:00
2023-11-13 10:45:00,131.94,132.28,131.91,132.15,641681.0,2023-11-13 10:45:00
2023-11-13 10:30:00,131.95,132.11,131.86,131.94,579436.0,2023-11-13 10:30:00
2023-11-13 10:15:00,131.754,131.96,131.55,131.955,676061.0,2023-11-13 10:15:00
2023-11-13 10:00:00,131.67,131.894,131.65,131.75,985760.0,2023-11-13 10:00:00
2023-11-13 09:45:00,131.39,131.73,131.25,131.66,977196.0,2023-11-13 09:45:00
2023-11-13 09:30:00,131.78,132.24,131.38,131.4,1635656.0,2023-11-13 09:30:00
2023-11-13 09:15:00,131.88,132.0,131.7,131.87,22972.0,2023-11-13 09:15:00
2023-11-13 09:00:00,131.9,132.0,131.8,131.83,11572.0,2023-11-13 09:00:00
2023-11-13 08:45:00,131.98,132.059,131.76,131.94,23792.0,2023-11-13 08:45:00
2023-11-13 08:30:00,132.35,132.432,131.88,131.98,15587.0,2023-11-13 08:30:00
2023-11-13 08:15:00,132.3,132.4,132.24,132.3,4059.0,2023-11-13 08:15:00
2023-11-13 08:00:00,132.18,132.59,131.52,132.31,24450.0,2023-11-13 08:00:00
2023-11-13 07:45:00,132.32,132.4,132.27,132.38,3602.0,2023-11-13 07:45:00
2023-11-13 07:30:00,132.25,132.33,132.19,132.31,5855.0,2023-11-13 07:30:00
2023-11-13 07:15:00,132.23,132.29,132.12,132.28,9569.0,2023-11-13 07:15:00
2023-11-13 07:00:00,132.21,132.32,132.12,132.22,9587.0,2023-11-13 07:00:00
2023-11-13 06:45:00,132.1,132.21,132.1,132.2,492.0,2023-11-13 06:45:00
2023-11-13 06:30:00,132.09,132.12,132.03,132.11,439.0,2023-11-13 06:30:00
2023-11-13 06:15:00,132.25,132.25,132.04,132.1,896.0,2023-11-13 06:15:00
2023-11-13 06:00:00,132.34,132.34,132.08,132.27,2971.0,2023-11-13 06:00:00
2023-11-13 05:45:00,132.27,132.39,132.19,132.39,1667.0,2023-11-13 05:45:00
2023-11-13 05:30:00,132.26,132.27,132.11,132.26,920.0,2023-11-13 05:30:00
2023-11-13 05:15:00,132.07,132.27,132.07,132.27,1549.0,2023-11-13 05:15:00
2023-11-13 05:00:00,132.16,132.16,132.04,132.05,1263.0,2023-11-13 05:00:00
2023-11-13 04:45:00,132.03,132.16,132.02,132.16,907.0,2023-11-13 04:45:00
2023-11-13 04:30:00,132.07,132.07,131.93,132.0,2067.0,2023-11-13 04:30:00
2023-11-13 04:15:00,131.97,132.14,131.97,132.04,2228.0,2023-11-13 04:15:00
2023-11-13 04:00:00,131.95,132.09,131.89,131.97,1560.0,2023-11-13 04:00:00
2023-11-10 19:45:00,132.22,132.3,132.18,132.27,3543.0,2023-11-10 19:45:00
2023-11-10 19:30:00,132.2,132.29,132.2,132.2,837.0,2023-11-10 19:30:00
2023-11-10 19:15:00,132.2,132.31,132.2,132.29,2177.0,2023-11-10 19:15:00
2023-11-10 19:00:00,132.22,132.32,132.12,132.2,3216.0,2023-11-10 19:00:00
2023-11-10 18:45:00,132.33,132.33,132.17,132.2,1249.0,2023-11-10 18:45:00
2023-11-10 18:30:00,132.29,132.33,132.2,132.2,1807.0,2023-11-10 18:30:00
2023-11-10 18:15:00,132.18,132.33,132.17,132.28,1365.0,2023-11-10 18:15:00
2023-11-10 18:00:00,132.2,132.21,132.14,132.17,744.0,2023-11-10 18:00:00
2023-11-10 17:45:00,132.23,132.34,132.2,132.2,2937.0,2023-11-10 17:45:00
2023-11-10 17:30:00,132.39,132.39,132.21,132.24,2883.0,2023-11-10 17:30:00
2023-11-10 17:15:00,132.38,138.007,129.98,132.29,812494.0,2023-11-10 17:15:00
2023-11-10 17:00:00,132.36,132.59,132.242,132.38,13648.0,2023-11-10 17:00:00
2023-11-10 16:45:00,132.48,132.64,132.35,132.36,7924.0,2023-11-10 16:45:00
2023-11-10 16:30:00,132.46,132.58,132.43,132.43,5599.0,2023-11-10 16:30:00
2023-11-10 16:15:00,132.59,132.59,132.41,132.47,112407.0,2023-11-10 16:15:00
2023-11-10 16:00:00,132.61,132.67,132.41,132.48,11095113.0,2023-11-10 16:00:00
2023-11-10 15:45:00,132.63,132.8,132.43,132.6,2150258.0,2023-11-10 15:45:00
2023-11-10 15:30:00,132.635,132.692,132.478,132.635,821839.0,2023-11-10 15:30:00
2023-11-10 15:15:00,132.54,132.67,132.45,132.64,682049.0,2023-11-10 15:15:00
2023-11-10 15:00:00,132.48,132.597,132.45,132.54,362703.0,2023-11-10 15:00:00
2023-11-10 14:45:00,132.46,132.56,132.381,132.48,318409.0,2023-11-10 14:45:00
2023-11-10 14:30:00,132.48,132.615,132.295,132.47,379008.0,2023-11-10 14:30:00
2023-11-10 14:15:00,132.43,132.52,132.33,132.47,288720.0,2023-11-10 14:15:00
2023-11-10 14:00:00,132.315,132.52,132.29,132.435,349492.0,2023-11-10 14:00:00
2023-11-10 13:45:00,132.525,132.588,132.285,132.315,461427.0,2023-11-10 13:45:00
2023-11-10 13:30:00,132.3,132.53,132.3,132.52,545111.0,2023-11-10 13:30:00
2023-11-10 13:15:00,132.0,132.298,131.925,132.27,462220.0,2023-11-10 13:15:00
2023-11-10 13:00:00,132.14,132.22,131.85,132.0,481626.0,2023-11-10 13:00:00
2023-11-10 12:45:00,132.08,132.25,131.975,132.13,513778.0,2023-11-10 12:45:00
2023-11-10 12:30:00,131.737,132.22,131.71,132.085,836599.0,2023-11-10 12:30:00
2023-11-10 12:15:00,131.72,131.88,131.62,131.73,482512.0,2023-11-10 12:15:00
2023-11-10 12:00:00,131.558,131.89,131.545,131.72,690957.0,2023-11-10 12:00:00
2023-11-10 11:45:00,131.299,131.57,131.265,131.554,538855.0,2023-11-10 11:45:00
2023-11-10 11:30:00,131.134,131.3,130.94,131.29,591040.0,2023-11-10 11:30:00
2023-11-10 11:15:00,131.14,131.18,130.98,131.13,580177.0,2023-11-10 11:15:00
2023-11-10 11:00:00,130.12,131.14,130.1,131.12,986157.0,2023-11-10 11:00:00
2023-11-10 10:45:00,129.77,130.12,129.716,130.12,624801.0,2023-11-10 10:45:00
2023-11-10 10:30:00,130.14,130.26,129.71,129.76,878536.0,2023-11-10 10:30:00
2023-11-10 10:15:00,130.64,130.82,130.03,130.14,862664.0,2023-11-10 10:15:00
2023-11-10 10:00:00,130.79,130.803,130.24,130.635,1078173.0,2023-11-10 10:00:00
2023-11-10 09:45:00,130.42,130.885,130.322,130.795,1086165.0,2023-11-10 09:45:00
2023-11-10 09:30:00,130.105,130.43,129.41,130.42,2074757.0,2023-11-10 09:30:00
2023-11-10 09:15:00,130.44,130.44,129.92,130.14,32847.0,2023-11-10 09:15:00
2023-11-10 09:00:00,130.23,130.45,130.2,130.35,19655.0,2023-11-10 09:00:00
2023-11-10 08:45:00,130.2,130.35,130.17,130.32,18458.0,2023-11-10 08:45:00
2023-11-10 08:30:00,130.0,130.24,129.9,130.21,11112.0,2023-11-10 08:30:00
2023-11-10 08:15:00,129.99,130.09,129.85,130.0,22963.0,2023-11-10 08:15:00
2023-11-10 08:00:00,129.71,130.24,129.45,130.0,20762.0,2023-11-10 08:00:00
2023-11-10 07:45:00,129.85,129.9,129.7,129.9,9910.0,2023-11-10 07:45:00
2023-11-10 07:30:00,129.8,129.9,129.73,129.85,5581.0,2023-11-10 07:30:00
2023-11-10 07:15:00,129.65,129.78,129.65,129.78,3926.0,2023-11-10 07:15:00
2023-11-10 07:00:00,129.55,129.69,129.51,129.64,7705.0,2023-11-10 07:00:00
2023-11-10 06:45:00,129.5,129.55,129.34,129.55,12452.0,2023-11-10 06:45:00
2023-11-10 06:30:00,129.49,129.62,129.4,129.49,2931.0,2023-11-10 06:30:00
2023-11-10 06:15:00,129.5,129.54,129.42,129.46,1972.0,2023-11-10 06:15:00
2023-11-10 06:00:00,129.56,129.6,129.51,129.52,1012.0,2023-11-10 06:00:00
2023-11-10 05:45:00,129.5,129.6,129.5,129.58,3114.0,2023-11-10 05:45:00
2023-11-10 05:30:00,129.59,129.67,129.4,129.41,3387.0,2023-11-10 05:30:00
2023-11-10 05:15:00,129.58,129.63,129.53,129.61,947.0,2023-11-10 05:15:00
2023-11-10 05:00:00,129.73,129.75,129.51,129.51,3986.0,2023-11-10 05:00:00
2023-11-10 04:45:00,129.65,129.86,129.64,129.73,721.0,2023-11-10 04:45:00
2023-11-10 04:30:00,129.62,129.69,129.5,129.69,2325.0,2023-11-10 04:30:00
2023-11-10 04:15:00,129.6,129.76,129.4,129.62,2737.0,2023-11-10 04:15:00
2023-11-10 04:00:00,129.25,129.92,129.25,129.63,3282.0,2023-11-10 04:00:00
2023-11-09 19:45:00,129.41,129.66,129.36,129.52,5272.0,2023-11-09 19:45:00
2023-11-09 19:30:00,129.39,129.46,129.36,129.4,2495.0,2023-11-09 19:30:00
2023-11-09 19:15:00,129.49,129.51,129.36,129.43,5194.0,2023-11-09 19:15:00
2023-11-09 19:00:00,129.55,129.65,129.48,129.49,1819.0,2023-11-09 19:00:00
2023-11-09 18:45:00,129.6,129.68,129.5,129.5,2476.0,2023-11-09 18:45:00
2023-11-09 18:30:00,129.68,129.68,129.55,129.61,1719.0,2023-11-09 18:30:00
2023-11-09 18:15:00,129.62,129.68,129.48,129.68,6679.0,2023-11-09 18:15:00
2023-11-09 18:00:00,129.54,129.68,129.5,129.62,2822.0,2023-11-09 18:00:00
2023-11-09 17:45:00,129.78,129.78,129.47,129.54,6965.0,2023-11-09 17:45:00
2023-11-09 17:30:00,129.55,130.24,129.51,129.69,9907.0,2023-11-09 17:30:00
2023-11-09 17:15:00,129.62,130.5,129.49,129.61,680103.0,2023-11-09 17:15:00
2023-11-09 17:00:00,129.72,129.75,129.49,129.58,12167.0,2023-11-09 17:00:00
2023-11-09 16:45:00,129.65,130.0,129.56,129.72,25716.0,2023-11-09 16:45:00
2023-11-09 16:30:00,129.75,130.24,129.5,129.68,92223.0,2023-11-09 16:30:00
2023-11-09 16:15:00,130.24,130.24,129.72,129.75,51425.0,2023-11-09 16:15:00
2023-11-09 16:00:00,130.25,130.25,129.921,129.99,6743728.0,2023-11-09 16:00:00
2023-11-09 15:45:00,130.24,130.37,130.065,130.25,2132616.0,2023-11-09 15:45:00
2023-11-09 15:30:00,130.378,130.45,130.17,130.24,642406.0,2023-11-09 15:30:00
2023-11-09 15:15:00,130.28,130.55,130.24,130.37,1002885.0,2023-11-09 15:15:00
2023-11-09 15:00:00,130.4,130.4,130.17,130.275,855210.0,2023-11-09 15:00:00
2023-11-09 14:45:00,130.47,130.635,130.33,130.401,541786.0,2023-11-09 14:45:00
2023-11-09 14:30:00,130.83,130.95,130.45,130.47,410105.0,2023-11-09 14:30:00
2023-11-09 14:15:00,130.7,130.97,130.52,130.845,487100.0,2023-11-09 14:15:00
2023-11-09 14:00:00,130.836,130.836,130.45,130.7,1300121.0,2023-11-09 14:00:00
2023-11-09 13:45:00,130.975,131.02,130.74,130.845,439394.0,2023-11-09 13:45:00
2023-11-09 13:30:00,131.29,131.34,130.83,130.98,538583.0,2023-11-09 13:30:00
2023-11-09 13:15:00,131.46,131.46,131.135,131.28,496309.0,2023-11-09 13:15:00
2023-11-09 13:00:00,131.815,131.855,130.91,131.455,992851.0,2023-11-09 13:00:00
2023-11-09 12:45:00,131.62,131.86,131.56,131.815,324831.0,2023-11-09 12:45:00
2023-11-09 12:30:00,131.76,131.845,131.5,131.62,324784.0,2023-11-09 12:30:00
2023-11-09 12:15:00,132.025,132.07,131.67,131.76,428856.0,2023-11-09 12:15:00
2023-11-09 12:00:00,132.37,132.37,131.91,132.03,555970.0,2023-11-09 12:00:00
2023-11-09 11:45:00,132.13,132.55,132.125,132.37,469553.0,2023-11-09 11:45:00
2023-11-09 11:30:00,132.02,132.22,131.935,132.134,349829.0,2023-11-09 11:30:00
2023-11-09 11:15:00,132.23,132.31,132.01,132.02,365016.0,2023-11-09 11:15:00
2023-11-09 11:00:00,131.99,132.33,131.955,132.23,586070.0,2023-11-09 11:00:00
2023-11-09 10:45:00,131.94,132.02,131.77,131.98,453282.0,2023-11-09 10:45:00
2023-11-09 10:30:00,131.6,131.97,131.4,131.94,531292.0,2023-11-09 10:30:00
2023-11-09 10:15:00,131.52,131.81,131.3,131.58,621682.0,2023-11-09 10:15:00
2023-11-09 10:00:00,132.1,132.215,131.27,131.51,794258.0,2023-11-09 10:00:00
2023-11-09 09:45:00,131.39,132.14,131.35,132.09,1040619.0,2023-11-09 09:45:00
2023-11-09 09:30:00,131.96,132.3,131.195,131.37,1749614.0,2023-11-09 09:30:00
2023-11-09 09:15:00,131.96,132.09,131.73,131.92,64857.0,2023-11-09 09:15:00
2023-11-09 09:00:00,131.88,131.98,131.8,131.95,8834.0,2023-11-09 09:00:00
2023-11-09 08:45:00,131.92,131.974,130.95,131.88,7384.0,2023-11-09 08:45:00
2023-11-09 08:30:00,131.9,132.01,131.75,131.92,9449.0,2023-11-09 08:30:00
2023-11-09 08:15:00,131.94,132.01,131.9,132.0,4285.0,2023-11-09 08:15:00
2023-11-09 08:00:00,132.07,132.3,131.72,131.9,21133.0,2023-11-09 08:00:00
2023-11-09 07:45:00,132.0,132.08,131.99,132.06,471.0,2023-11-09 07:45:00
2023-11-09 07:30:00,132.01,132.06,131.95,132.0,2552.0,2023-11-09 07:30:00
2023-11-09 07:15:00,132.15,132.17,131.98,131.99,3878.0,2023-11-09 07:15:00
2023-11-09 07:00:00,131.94,132.3,131.93,132.12,11930.0,2023-11-09 07:00:00
2023-11-09 06:45:00,132.01,132.08,131.94,131.94,1186.0,2023-11-09 06:45:00
2023-11-09 06:30:00,132.11,132.11,131.95,132.05,1078.0,2023-11-09 06:30:00
2023-11-09 06:15:00,132.18,132.18,131.91,132.11,6649.0,2023-11-09 06:15:00
2023-11-09 06:00:00,132.19,132.23,132.05,132.19,2825.0,2023-11-09 06:00:00
2023-11-09 05:45:00,132.15,132.18,132.07,132.17,3219.0,2023-11-09 05:45:00
2023-11-09 05:30:00,132.07,132.17,132.07,132.14,1076.0,2023-11-09 05:30:00
2023-11-09 05:15:00,131.99,132.1,131.94,132.06,261.0,2023-11-09 05:15:00
2023-11-09 05:00:00,131.82,131.98,131.82,131.95,1575.0,2023-11-09 05:00:00
2023-11-09 04:45:00,131.88,131.88,131.8,131.88,1163.0,2023-11-09 04:45:00
2023-11-09 04:30:00,131.91,131.96,131.82,131.91,3351.0,2023-11-09 04:30:00
2023-11-09 04:15:00,131.75,131.96,131.74,131.96,5407.0,2023-11-09 04:15:00
2023-11-09 04:00:00,132.09,132.09,131.67,131.73,1317.0,2023-11-09 04:00:00
2023-11-08 19:45:00,131.73,131.78,131.5,131.7,818.0,2023-11-08 19:45:00
2023-11-08 19:30:00,131.69,131.78,131.5,131.78,3559.0,2023-11-08 19:30:00
2023-11-08 19:15:00,131.53,131.69,131.5,131.52,329.0,2023-11-08 19:15:00
2023-11-08 19:00:00,131.62,131.8,131.5,131.57,3018.0,2023-11-08 19:00:00
2023-11-08 18:45:00,131.61,131.65,131.5,131.62,7032.0,2023-11-08 18:45:00
2023-11-08 18:30:00,131.6,131.65,131.48,131.61,3481.0,2023-11-08 18:30:00
2023-11-08 18:15:00,131.74,131.74,131.4,131.6,1122.0,2023-11-08 18:15:00
2023-11-08 18:00:00,131.71,131.78,131.28,131.736,16810.0,2023-11-08 18:00:00
2023-11-08 17:45:00,131.78,131.8,131.7,131.7,874.0,2023-11-08 17:45:00
2023-11-08 17:30:00,131.7,131.84,131.7,131.79,712143.0,2023-11-08 17:30:00
2023-11-08 17:15:00,131.62,131.84,131.62,131.8,16333.0,2023-11-08 17:15:00
2023-11-08 17:00:00,131.7,131.7,131.57,131.66,1014.0,2023-11-08 17:00:00
2023-11-08 16:45:00,131.74,131.78,131.63,131.7,8284.0,2023-11-08 16:45:00
2023-11-08 16:30:00,131.8,131.82,131.71,131.77,4548.0,2023-11-08 16:30:00
2023-11-08 16:15:00,131.84,131.84,131.71,131.78,38744.0,2023-11-08 16:15:00
2023-11-08 16:00:00,131.83,131.93,131.62,131.77,7381469.0,2023-11-08 16:00:00
2023-11-08 15:45:00,131.955,132.01,131.75,131.82,2461588.0,2023-11-08 15:45:00
2023-11-08 15:30:00,131.515,131.99,131.435,131.96,832139.0,2023-11-08 15:30:00
2023-11-08 15:15:00,131.59,131.61,131.335,131.51,847832.0,2023-11-08 15:15:00
2023-11-08 15:00:00,131.68,131.8,131.535,131.59,654607.0,2023-11-08 15:00:00
2023-11-08 14:45:00,132.0,132.008,131.59,131.674,609107.0,2023-11-08 14:45:00
2023-11-08 14:30:00,132.16,132.21,131.84,132.003,795406.0,2023-11-08 14:30:00
2023-11-08 14:15:00,131.747,132.165,131.74,132.155,1012481.0,2023-11-08 14:15:00
2023-11-08 14:00:00,131.355,131.89,131.28,131.746,799064.0,2023-11-08 14:00:00
2023-11-08 13:45:00,131.52,131.56,131.32,131.36,628934.0,2023-11-08 13:45:00
2023-11-08 13:30:00,131.48,131.615,131.42,131.52,449998.0,2023-11-08 13:30:00
2023-11-08 13:15:00,131.365,131.56,131.06,131.475,677647.0,2023-11-08 13:15:00
2023-11-08 13:00:00,131.24,131.71,131.12,131.365,1359045.0,2023-11-08 13:00:00
2023-11-08 12:45:00,131.355,131.41,131.205,131.245,402827.0,2023-11-08 12:45:00
2023-11-08 12:30:00,131.3,131.485,131.2,131.35,554428.0,2023-11-08 12:30:00
2023-11-08 12:15:00,131.22,131.34,131.095,131.295,598060.0,2023-11-08 12:15:00
2023-11-08 12:00:00,131.365,131.47,131.09,131.23,670258.0,2023-11-08 12:00:00
2023-11-08 11:45:00,131.66,131.69,131.34,131.363,671687.0,2023-11-08 11:45:00
2023-11-08 11:30:00,131.48,131.7,131.4,131.65,688583.0,2023-11-08 11:30:00
2023-11-08 11:15:00,131.435,131.74,131.15,131.48,610229.0,2023-11-08 11:15:00
2023-11-08 11:00:00,131.15,131.5,131.02,131.44,745091.0,2023-11-08 11:00:00
2023-11-08 10:45:00,131.34,131.41,131.095,131.14,633475.0,2023-11-08 10:45:00
2023-11-08 10:30:00,131.059,131.35,130.95,131.35,671031.0,2023-11-08 10:30:00
2023-11-08 10:15:00,131.19,131.205,130.78,131.06,617920.0,2023-11-08 10:15:00
2023-11-08 10:00:00,131.06,131.415,130.82,131.2,802523.0,2023-11-08 10:00:00
2023-11-08 09:45:00,131.13,131.308,130.955,131.06,757247.0,2023-11-08 09:45:00
2023-11-08 09:30:00,130.97,131.76,130.92,131.13,1755596.0,2023-11-08 09:30:00
2023-11-08 09:15:00,131.0,131.09,130.7,130.99,18511.0,2023-11-08 09:15:00
2023-11-08 09:00:00,130.9,131.0,130.86,130.98,6671.0,2023-11-08 09:00:00
2023-11-08 08:45:00,130.83,131.04,130.15,130.9,11058.0,2023-11-08 08:45:00
2023-11-08 08:30:00,131.0,131.0,130.77,130.86,8631.0,2023-11-08 08:30:00
2023-11-08 08:15:00,131.03,131.03,130.85,130.87,7362.0,2023-11-08 08:15:00
2023-11-08 08:00:00,130.83,131.17,130.45,130.88,32235.0,2023-11-08 08:00:00
2023-11-08 07:45:00,130.94,131.0,130.93,130.96,1955.0,2023-11-08 07:45:00
2023-11-08 07:30:00,130.9,130.95,130.86,130.9,1061.0,2023-11-08 07:30:00
2023-11-08 07:15:00,130.76,130.93,130.76,130.93,1116.0,2023-11-08 07:15:00
2023-11-08 07:00:00,130.84,130.94,130.74,130.75,19950.0,2023-11-08 07:00:00
2023-11-08 06:45:00,130.85,130.86,130.78,130.84,835.0,2023-11-08 06:45:00
2023-11-08 06:30:00,130.82,130.88,130.82,130.85,290.0,2023-11-08 06:30:00
2023-11-08 06:15:00,130.78,130.87,130.78,130.86,428.0,2023-11-08 06:15:00
2023-11-08 06:00:00,130.73,130.81,130.73,130.78,1346.0,2023-11-08 06:00:00
2023-11-08 05:45:00,130.53,130.73,130.53,130.73,432.0,2023-11-08 05:45:00
2023-11-08 05:30:00,130.65,130.68,130.52,130.54,855.0,2023-11-08 05:30:00
2023-11-08 05:15:00,130.72,130.72,130.64,130.65,159.0,2023-11-08 05:15:00
2023-11-08 05:00:00,130.65,130.78,130.64,130.72,867.0,2023-11-08 05:00:00
2023-11-08 04:45:00,130.75,130.82,130.67,130.69,1761.0,2023-11-08 04:45:00
2023-11-08 04:30:00,130.66,130.83,130.65,130.83,909.0,2023-11-08 04:30:00
2023-11-08 04:15:00,130.67,130.8,130.62,130.64,4264.0,2023-11-08 04:15:00
2023-11-08 04:00:00,130.7,130.91,130.65,130.7,2241.0,2023-11-08 04:00:00
2023-11-07 19:45:00,130.82,130.9,130.75,130.81,1770.0,2023-11-07 19:45:00
2023-11-07 19:30:00,130.85,130.97,130.82,130.9,1516.0,2023-11-07 19:30:00
2023-11-07 19:15:00,130.91,130.97,130.85,130.85,5070.0,2023-11-07 19:15:00
2023-11-07 19:00:00,130.92,130.97,130.9,130.92,2075.0,2023-11-07 19:00:00
2023-11-07 18:45:00,130.96,130.96,130.9,130.92,2943.0,2023-11-07 18:45:00
2023-11-07 18:30:00,130.9,130.97,130.9,130.96,1495.0,2023-11-07 18:30:00
2023-11-07 18:15:00,130.97,130.97,130.9,130.91,547.0,2023-11-07 18:15:00
2023-11-07 18:00:00,130.93,130.97,130.898,130.93,10661.0,2023-11-07 18:00:00
2023-11-07 17:45:00,130.98,130.98,130.89,130.98,1101.0,2023-11-07 17:45:00
2023-11-07 17:30:00,130.94,130.98,130.88,130.98,1740318.0,2023-11-07 17:30:00
2023-11-07 17:15:00,130.98,130.98,130.92,130.97,980.0,2023-11-07 17:15:00
2023-11-07 17:00:00,130.96,130.98,130.92,130.94,1412.0,2023-11-07 17:00:00
2023-11-07 16:45:00,130.95,130.98,130.92,130.98,7610.0,2023-11-07 16:45:00
2023-11-07 16:30:00,130.92,130.97,130.9,130.95,211259.0,2023-11-07 16:30:00
2023-11-07 16:15:00,130.97,130.97,130.89,130.94,38294.0,2023-11-07 16:15:00
2023-11-07 16:00:00,131.0,131.03,130.8,130.94,11390017.0,2023-11-07 16:00:00
2023-11-07 15:45:00,131.49,131.59,130.71,131.0,3064386.0,2023-11-07 15:45:00
2023-11-07 15:30:00,131.31,131.55,131.26,131.5,1178083.0,2023-11-07 15:30:00
2023-11-07 15:15:00,131.585,131.59,131.31,131.31,707092.0,2023-11-07 15:15:00
2023-11-07 15:00:00,131.55,131.64,131.4,131.58,698809.0,2023-11-07 15:00:00
2023-11-07 14:45:00,131.58,131.65,131.4,131.54,393865.0,2023-11-07 14:45:00
2023-11-07 14:30:00,131.6,131.91,131.49,131.58,594109.0,2023-11-07 14:30:00
2023-11-07 14:15:00,131.52,131.67,131.505,131.59,434514.0,2023-11-07 14:15:00
2023-11-07 14:00:00,131.68,131.78,131.51,131.51,465975.0,2023-11-07 14:00:00
2023-11-07 13:45:00,131.62,131.748,131.61,131.69,435838.0,2023-11-07 13:45:00
2023-11-07 13:30:00,131.59,131.85,131.58,131.62,605146.0,2023-11-07 13:30:00
2023-11-07 13:15:00,131.415,131.62,131.32,131.585,566726.0,2023-11-07 13:15:00
2023-11-07 13:00:00,131.15,131.43,131.11,131.405,482701.0,2023-11-07 13:00:00
2023-11-07 12:45:00,131.11,131.26,130.99,131.16,476747.0,2023-11-07 12:45:00
2023-11-07 12:30:00,131.0,131.14,130.915,131.1,459933.0,2023-11-07 12:30:00
2023-11-07 12:15:00,131.005,131.12,130.87,130.985,519598.0,2023-11-07 12:15:00
2023-11-07 12:00:00,131.12,131.12,130.89,130.995,559080.0,2023-11-07 12:00:00
2023-11-07 11:45:00,131.295,131.34,130.94,131.12,818677.0,2023-11-07 11:45:00
2023-11-07 11:30:00,131.3,131.39,131.15,131.293,568796.0,2023-11-07 11:30:00
2023-11-07 11:15:00,131.481,131.485,131.16,131.3,611642.0,2023-11-07 11:15:00
2023-11-07 11:00:00,131.433,131.63,131.25,131.48,659901.0,2023-11-07 11:00:00
2023-11-07 10:45:00,131.11,131.545,131.04,131.43,834961.0,2023-11-07 10:45:00
2023-11-07 10:30:00,130.87,131.18,130.8,131.1,1088540.0,2023-11-07 10:30:00
2023-11-07 10:15:00,130.57,130.9,130.23,130.87,643684.0,2023-11-07 10:15:00
2023-11-07 10:00:00,130.7,130.971,130.25,130.56,944834.0,2023-11-07 10:00:00
2023-11-07 09:45:00,130.53,130.73,130.32,130.699,649660.0,2023-11-07 09:45:00
2023-11-07 09:30:00,130.71,131.055,129.88,130.525,1924985.0,2023-11-07 09:30:00
2023-11-07 09:15:00,130.64,130.99,130.605,130.69,40077.0,2023-11-07 09:15:00
2023-11-07 09:00:00,130.63,130.75,130.55,130.6,23113.0,2023-11-07 09:00:00
2023-11-07 08:45:00,130.65,130.81,130.55,130.75,24872.0,2023-11-07 08:45:00
2023-11-07 08:30:00,130.57,130.85,130.55,130.63,35098.0,2023-11-07 08:30:00
2023-11-07 08:15:00,130.54,130.55,130.38,130.54,23765.0,2023-11-07 08:15:00
2023-11-07 08:00:00,130.11,130.7,129.65,130.49,47306.0,2023-11-07 08:00:00
2023-11-07 07:45:00,130.25,130.3,130.2,130.3,1479.0,2023-11-07 07:45:00
2023-11-07 07:30:00,130.36,130.38,130.15,130.22,5519.0,2023-11-07 07:30:00
2023-11-07 07:15:00,130.29,130.4,130.28,130.34,2387.0,2023-11-07 07:15:00
2023-11-07 07:00:00,130.11,130.35,130.09,130.25,12661.0,2023-11-07 07:00:00
2023-11-07 06:45:00,130.06,130.15,130.03,130.11,549.0,2023-11-07 06:45:00
2023-11-07 06:30:00,130.1,130.11,129.89,130.0,2972.0,2023-11-07 06:30:00
2023-11-07 06:15:00,130.09,130.16,130.04,130.12,1953.0,2023-11-07 06:15:00
2023-11-07 06:00:00,130.08,130.16,130.07,130.14,644.0,2023-11-07 06:00:00
2023-11-07 05:45:00,130.11,130.17,130.06,130.07,656.0,2023-11-07 05:45:00
2023-11-07 05:30:00,130.13,130.17,130.1,130.15,243.0,2023-11-07 05:30:00
2023-11-07 05:15:00,130.04,130.18,130.04,130.14,2793.0,2023-11-07 05:15:00
2023-11-07 05:00:00,129.91,130.05,129.83,130.05,2090.0,2023-11-07 05:00:00
2023-11-07 04:45:00,129.85,129.99,129.84,129.92,1029.0,2023-11-07 04:45:00
2023-11-07 04:30:00,129.92,130.0,129.87,129.88,1974.0,2023-11-07 04:30:00
2023-11-07 04:15:00,130.04,130.04,129.84,129.92,2077.0,2023-11-07 04:15:00
2023-11-07 04:00:00,130.01,130.2,130.01,130.04,2779.0,2023-11-07 04:00:00
2023-11-06 19:45:00,130.0,130.05,130.0,130.0,3944.0,2023-11-06 19:45:00
2023-11-06 19:30:00,130.03,130.05,130.0,130.0,3251.0,2023-11-06 19:30:00
2023-11-06 19:15:00,130.02,130.05,130.0,130.0,1423.0,2023-11-06 19:15:00
2023-11-06 19:00:00,129.99,130.05,129.99,130.03,2141.0,2023-11-06 19:00:00
2023-11-06 18:45:00,130.03,130.03,129.87,129.95,2858.0,2023-11-06 18:45:00
2023-11-06 18:30:00,129.87,130.05,129.87,129.9,2267.0,2023-11-06 18:30:00
2023-11-06 18:15:00,130.09,130.1,129.86,130.0,1081.0,2023-11-06 18:15:00
2023-11-06 18:00:00,130.06,130.1,130.03,130.1,3241.0,2023-11-06 18:00:00
2023-11-06 17:45:00,130.12,130.14,130.05,130.06,793.0,2023-11-06 17:45:00
2023-11-06 17:30:00,130.11,130.14,130.1,130.12,208.0,2023-11-06 17:30:00
2023-11-06 17:15:00,130.11,130.23,130.1,130.12,590.0,2023-11-06 17:15:00
2023-11-06 17:00:00,130.08,130.15,130.06,130.13,3422.0,2023-11-06 17:00:00
2023-11-06 16:45:00,130.19,139.845,130.03,130.08,5529.0,2023-11-06 16:45:00
2023-11-06 16:30:00,130.19,130.26,130.17,130.17,5415.0,2023-11-06 16:30:00
2023-11-06 16:15:00,130.25,130.3,130.17,130.22,11936.0,2023-11-06 16:15:00
2023-11-06 16:00:00,130.25,130.31,130.1,130.25,5248954.0,2023-11-06 16:00:00
2023-11-06 15:45:00,130.135,130.34,129.99,130.3,1774801.0,2023-11-06 15:45:00
2023-11-06 15:30:00,130.07,130.18,129.91,130.15,627357.0,2023-11-06 15:30:00
2023-11-06 15:15:00,130.0,130.09,129.895,130.07,563377.0,2023-11-06 15:15:00
2023-11-06 15:00:00,129.94,130.05,129.78,130.0,623038.0,2023-11-06 15:00:00
2023-11-06 14:45:00,129.845,130.14,129.795,129.95,647287.0,2023-11-06 14:45:00
2023-11-06 14:30:00,129.596,129.88,129.55,129.85,472343.0,2023-11-06 14:30:00
2023-11-06 14:15:00,129.53,129.75,129.51,129.6,398148.0,2023-11-06 14:15:00
2023-11-06 14:00:00,129.665,129.675,129.49,129.53,407252.0,2023-11-06 14:00:00
2023-11-06 13:45:00,129.57,129.7,129.42,129.665,332425.0,2023-11-06 13:45:00
2023-11-06 13:30:00,129.38,129.65,129.36,129.575,385695.0,2023-11-06 13:30:00
2023-11-06 13:15:00,129.53,129.64,129.24,129.39,505287.0,2023-11-06 13:15:00
2023-11-06 13:00:00,129.75,129.75,129.48,129.52,387226.0,2023-11-06 13:00:00
2023-11-06 12:45:00,129.525,129.75,129.455,129.74,477692.0,2023-11-06 12:45:00
2023-11-06 12:30:00,129.621,129.73,129.502,129.525,296114.0,2023-11-06 12:30:00
2023-11-06 12:15:00,129.63,129.69,129.52,129.63,282739.0,2023-11-06 12:15:00
2023-11-06 12:00:00,129.79,129.79,129.58,129.61,369234.0,2023-11-06 12:00:00
2023-11-06 11:45:00,129.532,129.805,129.42,129.8,494367.0,2023-11-06 11:45:00
2023-11-06 11:30:00,129.59,129.74,129.512,129.52,382394.0,2023-11-06 11:30:00
2023-11-06 11:15:00,129.72,129.775,129.53,129.58,320298.0,2023-11-06 11:15:00
2023-11-06 11:00:00,129.55,129.845,129.51,129.715,425980.0,2023-11-06 11:00:00
2023-11-06 10:45:00,129.63,129.79,129.47,129.55,455080.0,2023-11-06 10:45:00
2023-11-06 10:30:00,129.63,129.87,129.55,129.61,598856.0,2023-11-06 10:30:00
2023-11-06 10:15:00,129.09,129.68,129.04,129.62,737090.0,2023-11-06 10:15:00
2023-11-06 10:00:00,129.485,129.66,129.02,129.12,738435.0,2023-11-06 10:00:00
2023-11-06 09:45:00,129.87,129.96,129.32,129.47,1000640.0,2023-11-06 09:45:00
2023-11-06 09:30:00,129.05,130.04,128.67,129.865,2090916.0,2023-11-06 09:30:00
2023-11-06 09:15:00,129.36,129.4,128.37,129.07,66002.0,2023-11-06 09:15:00
2023-11-06 09:00:00,129.35,129.48,129.31,129.39,11003.0,2023-11-06 09:00:00
2023-11-06 08:45:00,129.22,129.42,129.185,129.33,10392.0,2023-11-06 08:45:00
2023-11-06 08:30:00,129.23,129.39,129.15,129.16,11190.0,2023-11-06 08:30:00
2023-11-06 08:15:00,129.17,129.24,129.11,129.22,5698.0,2023-11-06 08:15:00
2023-11-06 08:00:00,129.46,129.67,129.1,129.17,34063.0,2023-11-06 08:00:00
2023-11-06 07:45:00,129.44,129.45,129.2,129.24,7025.0,2023-11-06 07:45:00
2023-11-06 07:30:00,129.42,129.45,129.38,129.42,3235.0,2023-11-06 07:30:00
2023-11-06 07:15:00,129.43,129.5,129.36,129.37,5905.0,2023-11-06 07:15:00
2023-11-06 07:00:00,129.41,129.51,129.34,129.4,14518.0,2023-11-06 07:00:00
2023-11-06 06:45:00,129.4,129.58,129.4,129.48,2048.0,2023-11-06 06:45:00
2023-11-06 06:30:00,129.38,129.45,129.31,129.45,1668.0,2023-11-06 06:30:00
2023-11-06 06:15:00,129.4,129.41,129.3,129.3,9029.0,2023-11-06 06:15:00
2023-11-06 06:00:00,129.43,129.43,129.36,129.4,1619.0,2023-11-06 06:00:00
2023-11-06 05:45:00,129.51,129.51,129.37,129.43,2440.0,2023-11-06 05:45:00
2023-11-06 05:30:00,129.44,129.65,129.33,129.48,9045.0,2023-11-06 05:30:00
2023-11-06 05:15:00,129.41,129.49,129.41,129.47,1126.0,2023-11-06 05:15:00
2023-11-06 05:00:00,129.42,129.42,129.34,129.41,1304.0,2023-11-06 05:00:00
2023-11-06 04:45:00,129.38,129.45,129.35,129.43,949.0,2023-11-06 04:45:00
2023-11-06 04:30:00,129.38,129.46,129.27,129.43,2843.0,2023-11-06 04:30:00
2023-11-06 04:15:00,129.45,129.45,129.2,129.39,3664.0,2023-11-06 04:15:00
2023-11-06 04:00:00,129.52,129.62,129.06,129.45,4909.0,2023-11-06 04:00:00
2023-11-03 19:45:00,129.049,129.1,129.0,129.01,3466.0,2023-11-03 19:45:00
2023-11-03 19:30:00,129.02,129.09,129.0,129.05,1878.0,2023-11-03 19:30:00
2023-11-03 19:15:00,129.06,129.07,129.02,129.05,152.0,2023-11-03 19:15:00
2023-11-03 19:00:00,129.03,129.08,129.0,129.06,3748.0,2023-11-03 19:00:00
2023-11-03 18:45:00,129.01,129.05,129.01,129.02,952.0,2023-11-03 18:45:00
2023-11-03 18:30:00,129.07,129.07,129.0,129.03,1767.0,2023-11-03 18:30:00
2023-11-03 18:15:00,129.08,129.08,129.02,129.05,1009.0,2023-11-03 18:15:00
2023-11-03 18:00:00,129.1,129.1,129.01,129.05,845.0,2023-11-03 18:00:00
2023-11-03 17:45:00,129.08,129.15,129.02,129.09,105840.0,2023-11-03 17:45:00
2023-11-03 17:30:00,129.07,129.08,129.02,129.07,1431.0,2023-11-03 17:30:00
2023-11-03 17:15:00,129.05,129.07,129.01,129.02,2210.0,2023-11-03 17:15:00
2023-11-03 17:00:00,129.03,129.08,128.46,129.03,11358.0,2023-11-03 17:00:00
2023-11-03 16:45:00,129.03,129.08,129.0,129.03,9799.0,2023-11-03 16:45:00
2023-11-03 16:30:00,129.15,129.17,129.02,129.05,84008.0,2023-11-03 16:30:00
2023-11-03 16:15:00,129.1,129.17,129.1,129.15,55685.0,2023-11-03 16:15:00
2023-11-03 16:00:00,129.08,129.3,124.26,129.14,6519352.0,2023-11-03 16:00:00
2023-11-03 15:45:00,129.085,129.24,129.01,129.08,2083676.0,2023-11-03 15:45:00
2023-11-03 15:30:00,129.07,129.23,128.94,129.085,1002182.0,2023-11-03 15:30:00
2023-11-03 15:15:00,129.06,129.095,128.99,129.08,861283.0,2023-11-03 15:15:00
2023-11-03 15:00:00,129.04,129.177,128.94,129.065,611442.0,2023-11-03 15:00:00
2023-11-03 14:45:00,129.05,129.13,128.98,129.035,410086.0,2023-11-03 14:45:00
2023-11-03 14:30:00,129.12,129.145,128.97,129.04,638846.0,2023-11-03 14:30:00
2023-11-03 14:15:00,129.01,129.145,128.96,129.12,578772.0,2023-11-03 14:15:00
2023-11-03 14:00:00,128.795,129.1,128.695,129.0,622667.0,2023-11-03 14:00:00
2023-11-03 13:45:00,128.77,128.87,128.65,128.795,702868.0,2023-11-03 13:45:00
2023-11-03 13:30:00,128.635,128.86,128.62,128.77,556376.0,2023-11-03 13:30:00
2023-11-03 13:15:00,128.71,128.8,128.47,128.63,559214.0,2023-11-03 13:15:00
2023-11-03 13:00:00,128.96,129.07,128.69,128.705,519293.0,2023-11-03 13:00:00
2023-11-03 12:45:00,129.09,129.22,128.93,128.97,620236.0,2023-11-03 12:45:00
2023-11-03 12:30:00,129.21,129.33,129.04,129.09,769855.0,2023-11-03 12:30:00
2023-11-03 12:15:00,129.335,129.447,129.2,129.2,607217.0,2023-11-03 12:15:00
2023-11-03 12:00:00,129.44,129.46,129.15,129.325,893825.0,2023-11-03 12:00:00
2023-11-03 11:45:00,129.39,129.525,129.3,129.43,1041451.0,2023-11-03 11:45:00
2023-11-03 11:30:00,129.2,129.46,129.16,129.395,963217.0,2023-11-03 11:30:00
2023-11-03 11:15:00,128.965,129.225,128.915,129.195,683597.0,2023-11-03 11:15:00
2023-11-03 11:00:00,129.01,129.17,128.825,128.98,896241.0,2023-11-03 11:00:00
2023-11-03 10:45:00,128.62,129.09,128.545,129.0,951185.0,2023-11-03 10:45:00
2023-11-03 10:30:00,128.35,128.74,128.335,128.62,894345.0,2023-11-03 10:30:00
2023-11-03 10:15:00,128.28,128.597,128.07,128.35,751960.0,2023-11-03 10:15:00
2023-11-03 10:00:00,128.63,128.88,128.07,128.27,1012547.0,2023-11-03 10:00:00
2023-11-03 09:45:00,128.445,128.99,128.31,128.61,1164441.0,2023-11-03 09:45:00
2023-11-03 09:30:00,128.02,128.61,127.86,128.457,1699687.0,2023-11-03 09:30:00
2023-11-03 09:15:00,128.15,128.21,127.85,127.95,76174.0,2023-11-03 09:15:00
2023-11-03 09:00:00,128.347,128.62,127.355,128.13,24936.0,2023-11-03 09:00:00
2023-11-03 08:45:00,128.2,128.38,128.09,128.32,49602.0,2023-11-03 08:45:00
2023-11-03 08:30:00,127.46,128.5,127.26,128.206,181226.0,2023-11-03 08:30:00
2023-11-03 08:15:00,127.6,127.7,127.3,127.3,29405.0,2023-11-03 08:15:00
2023-11-03 08:00:00,127.66,128.07,127.49,127.66,23710.0,2023-11-03 08:00:00
2023-11-03 07:45:00,127.72,127.8,127.64,127.71,9277.0,2023-11-03 07:45:00
2023-11-03 07:30:00,127.76,127.76,127.63,127.73,3166.0,2023-11-03 07:30:00
2023-11-03 07:15:00,127.69,127.8,127.65,127.78,12961.0,2023-11-03 07:15:00
2023-11-03 07:00:00,127.75,127.76,127.64,127.68,6087.0,2023-11-03 07:00:00
2023-11-03 06:45:00,127.65,127.76,127.63,127.7,637.0,2023-11-03 06:45:00
2023-11-03 06:30:00,127.75,127.75,127.62,127.63,4853.0,2023-11-03 06:30:00
2023-11-03 06:15:00,127.76,127.84,127.72,127.76,2184.0,2023-11-03 06:15:00
2023-11-03 06:00:00,127.78,127.79,127.63,127.79,5162.0,2023-11-03 06:00:00
2023-11-03 05:45:00,127.8,127.92,127.75,127.79,2869.0,2023-11-03 05:45:00
2023-11-03 05:30:00,127.8,127.82,127.72,127.82,1185.0,2023-11-03 05:30:00
2023-11-03 05:15:00,127.75,127.86,127.74,127.82,655.0,2023-11-03 05:15:00
2023-11-03 05:00:00,127.73,127.76,127.67,127.73,1359.0,2023-11-03 05:00:00
2023-11-03 04:45:00,127.79,127.79,127.68,127.75,144.0,2023-11-03 04:45:00
2023-11-03 04:30:00,127.82,127.9,127.7,127.7,1058.0,2023-11-03 04:30:00
2023-11-03 04:15:00,127.98,128.19,127.75,127.8,2760.0,2023-11-03 04:15:00
2023-11-03 04:00:00,127.5,127.97,127.5,127.93,2629.0,2023-11-03 04:00:00
2023-11-02 19:45:00,127.6,127.67,127.56,127.62,4859.0,2023-11-02 19:45:00
2023-11-02 19:30:00,127.7,127.7,127.52,127.65,1762.0,2023-11-02 19:30:00
2023-11-02 19:15:00,127.6,127.74,127.51,127.56,10781.0,2023-11-02 19:15:00
2023-11-02 19:00:00,127.52,127.7,127.52,127.65,758.0,2023-11-02 19:00:00
2023-11-02 18:45:00,127.5,127.7,127.5,127.68,2948.0,2023-11-02 18:45:00
2023-11-02 18:30:00,127.51,127.7,127.49,127.5,4196.0,2023-11-02 18:30:00
2023-11-02 18:15:00,127.6,127.74,127.49,127.64,6211.0,2023-11-02 18:15:00
2023-11-02 18:00:00,127.4,127.7,127.39,127.39,26943.0,2023-11-02 18:00:00
2023-11-02 17:45:00,127.38,127.44,127.114,127.38,16788.0,2023-11-02 17:45:00
2023-11-02 17:30:00,127.67,127.7,127.26,127.39,18733.0,2023-11-02 17:30:00
2023-11-02 17:15:00,127.51,127.74,127.0,127.593,359619.0,2023-11-02 17:15:00
2023-11-02 17:00:00,127.6,127.61,127.47,127.6,10559.0,2023-11-02 17:00:00
2023-11-02 16:45:00,127.58,127.68,127.49,127.6,12442.0,2023-11-02 16:45:00
2023-11-02 16:30:00,127.28,127.74,127.2,127.54,54268.0,2023-11-02 16:30:00
2023-11-02 16:15:00,127.49,127.58,124.66,127.28,21410.0,2023-11-02 16:15:00
2023-11-02 16:00:00,127.49,127.76,127.24,127.35,7210352.0,2023-11-02 16:00:00
2023-11-02 15:45:00,127.59,127.605,127.33,127.49,1984468.0,2023-11-02 15:45:00
2023-11-02 15:30:00,127.431,127.685,127.385,127.595,1004671.0,2023-11-02 15:30:00
2023-11-02 15:15:00,127.61,127.655,127.42,127.43,740509.0,2023-11-02 15:15:00
2023-11-02 15:00:00,127.67,127.72,127.52,127.605,527912.0,2023-11-02 15:00:00
2023-11-02 14:45:00,127.84,127.925,127.595,127.675,520193.0,2023-11-02 14:45:00
2023-11-02 14:30:00,127.835,127.94,127.73,127.84,413685.0,2023-11-02 14:30:00
2023-11-02 14:15:00,127.715,127.87,127.7,127.83,289851.0,2023-11-02 14:15:00
2023-11-02 14:00:00,127.65,127.73,127.54,127.72,506102.0,2023-11-02 14:00:00
2023-11-02 13:45:00,127.77,127.78,127.5,127.65,444137.0,2023-11-02 13:45:00
2023-11-02 13:30:00,127.4,127.79,127.4,127.77,495365.0,2023-11-02 13:30:00
2023-11-02 13:15:00,127.24,127.47,127.165,127.4,408087.0,2023-11-02 13:15:00
2023-11-02 13:00:00,127.25,127.31,126.93,127.24,718310.0,2023-11-02 13:00:00
2023-11-02 12:45:00,127.35,127.47,127.25,127.26,603102.0,2023-11-02 12:45:00
2023-11-02 12:30:00,127.335,127.52,126.98,127.35,683379.0,2023-11-02 12:30:00
2023-11-02 12:15:00,127.45,127.54,127.23,127.34,687876.0,2023-11-02 12:15:00
2023-11-02 12:00:00,127.433,127.54,127.26,127.456,716852.0,2023-11-02 12:00:00
2023-11-02 11:45:00,127.6,127.66,127.12,127.44,686599.0,2023-11-02 11:45:00
2023-11-02 11:30:00,127.45,127.8,127.37,127.6,523923.0,2023-11-02 11:30:00
2023-11-02 11:15:00,127.41,127.64,127.19,127.439,602960.0,2023-11-02 11:15:00
2023-11-02 11:00:00,127.64,127.68,127.37,127.41,1085020.0,2023-11-02 11:00:00
2023-11-02 10:45:00,127.875,127.95,127.6,127.635,611629.0,2023-11-02 10:45:00
2023-11-02 10:30:00,127.49,127.88,127.38,127.87,740209.0,2023-11-02 10:30:00
2023-11-02 10:15:00,127.285,127.66,127.27,127.47,817647.0,2023-11-02 10:15:00
2023-11-02 10:00:00,127.84,128.49,127.16,127.285,1061449.0,2023-11-02 10:00:00
2023-11-02 09:45:00,128.185,128.21,127.61,127.845,1569089.0,2023-11-02 09:45:00
2023-11-02 09:30:00,128.42,128.98,128.02,128.19,3060556.0,2023-11-02 09:30:00
2023-11-02 09:15:00,128.285,128.7,128.09,128.3,118295.0,2023-11-02 09:15:00
2023-11-02 09:00:00,128.61,128.68,126.45,128.21,46931.0,2023-11-02 09:00:00
2023-11-02 08:45:00,128.57,128.74,128.505,128.6,38019.0,2023-11-02 08:45:00
2023-11-02 08:30:00,128.21,128.65,128.13,128.578,77499.0,2023-11-02 08:30:00
2023-11-02 08:15:00,128.04,128.25,128.0,128.07,47853.0,2023-11-02 08:15:00
2023-11-02 08:00:00,127.42,128.09,126.45,128.08,72251.0,2023-11-02 08:00:00
2023-11-02 07:45:00,127.57,127.74,127.57,127.74,17603.0,2023-11-02 07:45:00
2023-11-02 07:30:00,127.48,127.63,127.41,127.57,12416.0,2023-11-02 07:30:00
2023-11-02 07:15:00,127.47,127.69,127.41,127.48,19202.0,2023-11-02 07:15:00
2023-11-02 07:00:00,127.42,127.48,127.35,127.45,14855.0,2023-11-02 07:00:00
2023-11-02 06:45:00,127.42,127.55,127.34,127.47,10267.0,2023-11-02 06:45:00
2023-11-02 06:30:00,127.31,127.49,127.23,127.42,7193.0,2023-11-02 06:30:00
2023-11-02 06:15:00,127.3,127.41,127.27,127.35,5036.0,2023-11-02 06:15:00
2023-11-02 06:00:00,127.31,127.46,127.22,127.24,7353.0,2023-11-02 06:00:00
2023-11-02 05:45:00,127.3,127.4,127.25,127.31,2973.0,2023-11-02 05:45:00
2023-11-02 05:30:00,127.46,127.5,127.29,127.29,4718.0,2023-11-02 05:30:00
2023-11-02 05:15:00,127.26,127.48,127.23,127.46,7171.0,2023-11-02 05:15:00
2023-11-02 05:00:00,127.29,127.33,127.21,127.3,3619.0,2023-11-02 05:00:00
2023-11-02 04:45:00,127.25,127.39,127.2,127.29,5910.0,2023-11-02 04:45:00
2023-11-02 04:30:00,127.2,127.26,127.03,127.26,6448.0,2023-11-02 04:30:00
2023-11-02 04:15:00,127.04,127.28,127.04,127.2,6320.0,2023-11-02 04:15:00
2023-11-02 04:00:00,127.49,127.53,126.86,127.06,7687.0,2023-11-02 04:00:00
2023-11-01 19:45:00,126.7,127.2,126.65,126.99,22991.0,2023-11-01 19:45:00
2023-11-01 19:30:00,126.53,126.71,126.51,126.7,9161.0,2023-11-01 19:30:00
2023-11-01 19:15:00,126.54,126.6,126.46,126.6,8673.0,2023-11-01 19:15:00
2023-11-01 19:00:00,126.5,126.55,126.42,126.48,5083.0,2023-11-01 19:00:00
2023-11-01 18:45:00,126.48,126.5,126.45,126.5,3326.0,2023-11-01 18:45:00
2023-11-01 18:30:00,126.42,126.5,126.42,126.49,3079.0,2023-11-01 18:30:00
2023-11-01 18:15:00,126.49,126.5,126.42,126.48,2566.0,2023-11-01 18:15:00
2023-11-01 18:00:00,126.42,126.49,126.38,126.49,3811.0,2023-11-01 18:00:00
2023-11-01 17:45:00,126.49,126.49,126.41,126.45,2139.0,2023-11-01 17:45:00
2023-11-01 17:30:00,126.44,126.5,126.38,126.45,4705.0,2023-11-01 17:30:00
2023-11-01 17:15:00,126.42,126.45,122.935,126.42,5788.0,2023-11-01 17:15:00
2023-11-01 17:00:00,126.43,126.5,126.36,126.42,20809.0,2023-11-01 17:00:00
2023-11-01 16:45:00,126.45,126.45,126.356,126.41,5784.0,2023-11-01 16:45:00
2023-11-01 16:30:00,126.24,126.48,126.23,126.45,12325.0,2023-11-01 16:30:00
2023-11-01 16:15:00,126.32,126.45,126.21,126.26,142400.0,2023-11-01 16:15:00
2023-11-01 16:00:00,126.45,126.5,124.27,126.3,7866712.0,2023-11-01 16:00:00
2023-11-01 15:45:00,126.27,126.46,126.11,126.45,2597837.0,2023-11-01 15:45:00
2023-11-01 15:30:00,126.22,126.49,126.17,126.28,1363992.0,2023-11-01 15:30:00
2023-11-01 15:15:00,126.04,126.44,126.0,126.23,1087386.0,2023-11-01 15:15:00
2023-11-01 15:00:00,125.88,126.42,125.88,126.03,1074328.0,2023-11-01 15:00:00
2023-11-01 14:45:00,125.2,126.04,125.07,125.86,1188026.0,2023-11-01 14:45:00
2023-11-01 14:30:00,125.57,126.22,125.04,125.19,1657169.0,2023-11-01 14:30:00
2023-11-01 14:15:00,125.25,125.63,125.18,125.56,610182.0,2023-11-01 14:15:00
2023-11-01 14:00:00,124.97,125.39,124.96,125.25,1301052.0,2023-11-01 14:00:00
2023-11-01 13:45:00,124.87,125.03,124.76,124.97,460405.0,2023-11-01 13:45:00
2023-11-01 13:30:00,124.87,124.94,124.72,124.88,425500.0,2023-11-01 13:30:00
2023-11-01 13:15:00,124.91,124.97,124.79,124.875,514450.0,2023-11-01 13:15:00
2023-11-01 13:00:00,124.76,124.98,124.66,124.91,521082.0,2023-11-01 13:00:00
2023-11-01 12:45:00,124.8,124.9,124.715,124.765,493775.0,2023-11-01 12:45:00
2023-11-01 12:30:00,124.95,125.05,124.68,124.797,605382.0,2023-11-01 12:30:00
2023-11-01 12:15:00,124.97,125.0,124.785,124.945,506850.0,2023-11-01 12:15:00
2023-11-01 12:00:00,124.98,125.1,124.84,124.96,692707.0,2023-11-01 12:00:00
2023-11-01 11:45:00,125.21,125.31,124.955,124.97,658370.0,2023-11-01 11:45:00
2023-11-01 11:30:00,125.065,125.22,124.9,125.22,524917.0,2023-11-01 11:30:00
2023-11-01 11:15:00,125.24,125.28,124.91,125.06,566619.0,2023-11-01 11:15:00
2023-11-01 11:00:00,125.49,125.69,125.06,125.233,667747.0,2023-11-01 11:00:00
2023-11-01 10:45:00,125.41,125.55,125.15,125.49,705270.0,2023-11-01 10:45:00
2023-11-01 10:30:00,125.24,125.41,125.04,125.4,831690.0,2023-11-01 10:30:00
2023-11-01 10:15:00,124.91,125.66,124.88,125.23,1036647.0,2023-11-01 10:15:00
2023-11-01 10:00:00,125.09,125.39,124.57,124.89,1721541.0,2023-11-01 10:00:00
2023-11-01 09:45:00,125.205,125.62,125.03,125.07,1284491.0,2023-11-01 09:45:00
2023-11-01 09:30:00,124.07,125.33,123.715,125.2,1796308.0,2023-11-01 09:30:00
2023-11-01 09:15:00,124.34,124.49,122.785,124.02,38794.0,2023-11-01 09:15:00
2023-11-01 09:00:00,124.15,124.45,123.84,124.33,18619.0,2023-11-01 09:00:00
2023-11-01 08:45:00,124.18,124.37,124.08,124.08,9445.0,2023-11-01 08:45:00
2023-11-01 08:30:00,123.9,124.5,123.86,124.24,48542.0,2023-11-01 08:30:00
2023-11-01 08:15:00,123.74,124.02,123.7,123.9,23314.0,2023-11-01 08:15:00
2023-11-01 08:00:00,123.55,124.48,123.43,123.75,11235.0,2023-11-01 08:00:00
2023-11-01 07:45:00,123.51,123.57,123.45,123.54,1574.0,2023-11-01 07:45:00
2023-11-01 07:30:00,123.6,123.62,123.51,123.51,2076.0,2023-11-01 07:30:00
2023-11-01 07:15:00,123.73,123.73,123.56,123.61,2132.0,2023-11-01 07:15:00
2023-11-01 07:00:00,123.76,123.84,123.67,123.77,9056.0,2023-11-01 07:00:00
2023-11-01 06:45:00,123.7,123.81,123.68,123.76,1688.0,2023-11-01 06:45:00
2023-11-01 06:30:00,123.7,123.76,123.66,123.75,200.0,2023-11-01 06:30:00
2023-11-01 06:15:00,123.6,123.77,123.56,123.75,2440.0,2023-11-01 06:15:00
2023-11-01 06:00:00,123.73,123.74,123.48,123.55,1969.0,2023-11-01 06:00:00
2023-11-01 05:45:00,123.66,123.74,123.65,123.72,307.0,2023-11-01 05:45:00
2023-11-01 05:30:00,123.7,123.85,123.66,123.66,3498.0,2023-11-01 05:30:00
2023-11-01 05:15:00,123.9,123.9,123.68,123.68,1537.0,2023-11-01 05:15:00
2023-11-01 05:00:00,123.73,123.91,123.69,123.9,2192.0,2023-11-01 05:00:00
2023-11-01 04:45:00,123.73,123.74,123.63,123.66,1759.0,2023-11-01 04:45:00
2023-11-01 04:30:00,123.7,123.95,123.65,123.72,4488.0,2023-11-01 04:30:00
2023-11-01 04:15:00,123.97,123.98,123.71,123.73,2168.0,2023-11-01 04:15:00
2023-11-01 04:00:00,123.99,124.16,123.87,124.0,2703.0,2023-11-01 04:00:00
2023-10-31 19:45:00,123.85,123.87,123.71,123.8,4229.0,2023-10-31 19:45:00
2023-10-31 19:30:00,123.75,123.87,123.75,123.85,1309.0,2023-10-31 19:30:00
2023-10-31 19:15:00,123.75,123.86,123.75,123.86,408.0,2023-10-31 19:15:00
2023-10-31 19:00:00,123.75,123.89,123.74,123.75,4022.0,2023-10-31 19:00:00
2023-10-31 18:45:00,123.81,123.9,123.75,123.79,1864.0,2023-10-31 18:45:00
2023-10-31 18:30:00,123.8,123.92,123.75,123.87,606.0,2023-10-31 18:30:00
2023-10-31 18:15:00,123.82,123.92,123.75,123.84,372.0,2023-10-31 18:15:00
2023-10-31 18:00:00,123.76,123.88,123.75,123.87,2940.0,2023-10-31 18:00:00
2023-10-31 17:45:00,123.81,124.256,123.75,123.88,2379.0,2023-10-31 17:45:00
2023-10-31 17:30:00,123.75,124.256,123.71,123.86,5247.0,2023-10-31 17:30:00
2023-10-31 17:15:00,123.888,124.08,123.7,123.722,323469.0,2023-10-31 17:15:00
2023-10-31 17:00:00,123.76,123.92,123.66,123.89,6389.0,2023-10-31 17:00:00
2023-10-31 16:45:00,123.84,124.08,123.68,123.76,11454.0,2023-10-31 16:45:00
2023-10-31 16:30:00,123.78,124.08,123.78,123.8,4604.0,2023-10-31 16:30:00
2023-10-31 16:15:00,124.08,124.08,123.75,123.75,10129.0,2023-10-31 16:15:00
2023-10-31 16:00:00,124.03,124.09,123.83,124.08,6768698.0,2023-10-31 16:00:00
2023-10-31 15:45:00,124.05,124.22,123.83,124.03,2201421.0,2023-10-31 15:45:00
2023-10-31 15:30:00,123.93,124.075,123.83,124.05,800367.0,2023-10-31 15:30:00
2023-10-31 15:15:00,123.92,124.005,123.81,123.93,610119.0,2023-10-31 15:15:00
2023-10-31 15:00:00,123.78,123.99,123.74,123.92,532934.0,2023-10-31 15:00:00
2023-10-31 14:45:00,123.61,123.87,123.6,123.775,467847.0,2023-10-31 14:45:00
2023-10-31 14:30:00,123.38,123.65,123.31,123.615,529677.0,2023-10-31 14:30:00
2023-10-31 14:15:00,123.61,123.68,123.36,123.38,570499.0,2023-10-31 14:15:00
2023-10-31 14:00:00,123.54,123.805,123.53,123.61,664930.0,2023-10-31 14:00:00
2023-10-31 13:45:00,123.465,123.66,123.41,123.54,529543.0,2023-10-31 13:45:00
2023-10-31 13:30:00,123.23,123.54,123.155,123.465,739221.0,2023-10-31 13:30:00
2023-10-31 13:15:00,123.23,123.33,123.12,123.23,359704.0,2023-10-31 13:15:00
2023-10-31 13:00:00,123.265,123.325,123.01,123.22,498129.0,2023-10-31 13:00:00
2023-10-31 12:45:00,123.23,123.33,123.06,123.26,449315.0,2023-10-31 12:45:00
2023-10-31 12:30:00,123.01,123.33,122.85,123.24,525981.0,2023-10-31 12:30:00
2023-10-31 12:15:00,122.8,123.06,122.685,123.02,566052.0,2023-10-31 12:15:00
2023-10-31 12:00:00,123.25,123.25,122.78,122.78,740284.0,2023-10-31 12:00:00
2023-10-31 11:45:00,123.25,123.34,123.015,123.25,600700.0,2023-10-31 11:45:00
2023-10-31 11:30:00,123.134,123.47,123.066,123.25,695070.0,2023-10-31 11:30:00
2023-10-31 11:15:00,123.59,123.85,123.11,123.14,917400.0,2023-10-31 11:15:00
2023-10-31 11:00:00,123.42,123.665,123.33,123.56,826225.0,2023-10-31 11:00:00
2023-10-31 10:45:00,123.77,123.85,123.31,123.41,1085258.0,2023-10-31 10:45:00
2023-10-31 10:30:00,124.08,124.12,123.3,123.78,1171492.0,2023-10-31 10:30:00
2023-10-31 10:15:00,124.54,124.64,123.98,124.07,861465.0,2023-10-31 10:15:00
2023-10-31 10:00:00,123.85,124.94,123.83,124.53,1385792.0,2023-10-31 10:00:00
2023-10-31 09:45:00,123.865,124.225,123.6,123.87,926174.0,2023-10-31 09:45:00
2023-10-31 09:30:00,125.06,125.37,123.85,123.87,2406259.0,2023-10-31 09:30:00
2023-10-31 09:15:00,124.74,125.2,124.558,125.06,58728.0,2023-10-31 09:15:00
2023-10-31 09:00:00,124.649,124.98,124.649,124.74,12539.0,2023-10-31 09:00:00
2023-10-31 08:45:00,124.6,124.83,122.92,124.63,6679.0,2023-10-31 08:45:00
2023-10-31 08:30:00,124.91,124.91,124.55,124.55,15959.0,2023-10-31 08:30:00
2023-10-31 08:15:00,124.46,124.98,124.46,124.96,6072.0,2023-10-31 08:15:00
2023-10-31 08:00:00,124.77,124.99,123.8,124.89,21105.0,2023-10-31 08:00:00
2023-10-31 07:45:00,124.51,124.8,124.51,124.68,5631.0,2023-10-31 07:45:00
2023-10-31 07:30:00,124.75,124.85,124.5,124.5,5170.0,2023-10-31 07:30:00
2023-10-31 07:15:00,124.88,124.95,124.71,124.72,5782.0,2023-10-31 07:15:00
2023-10-31 07:00:00,124.64,124.93,124.57,124.88,4920.0,2023-10-31 07:00:00
2023-10-31 06:45:00,124.42,124.67,124.42,124.64,2258.0,2023-10-31 06:45:00
2023-10-31 06:30:00,124.58,124.61,124.33,124.36,1992.0,2023-10-31 06:30:00
2023-10-31 06:15:00,124.66,124.74,124.56,124.61,2833.0,2023-10-31 06:15:00
2023-10-31 06:00:00,124.54,124.67,124.53,124.6,2150.0,2023-10-31 06:00:00
2023-10-31 05:45:00,124.53,124.59,124.48,124.58,708.0,2023-10-31 05:45:00
2023-10-31 05:30:00,124.22,124.53,124.19,124.53,2673.0,2023-10-31 05:30:00
2023-10-31 05:15:00,124.39,124.39,124.16,124.17,3004.0,2023-10-31 05:15:00
2023-10-31 05:00:00,124.54,124.54,124.33,124.42,2850.0,2023-10-31 05:00:00
2023-10-31 04:45:00,124.46,124.57,124.41,124.54,1845.0,2023-10-31 04:45:00
2023-10-31 04:30:00,124.31,124.5,124.28,124.44,596.0,2023-10-31 04:30:00
2023-10-31 04:15:00,124.25,124.32,124.2,124.32,2908.0,2023-10-31 04:15:00
2023-10-31 04:00:00,124.46,124.46,124.01,124.21,7223.0,2023-10-31 04:00:00
2023-10-30 19:45:00,124.59,124.59,124.31,124.31,4195.0,2023-10-30 19:45:00
2023-10-30 19:30:00,124.5,124.62,124.45,124.59,808.0,2023-10-30 19:30:00
2023-10-30 19:15:00,124.48,124.61,124.47,124.5,3682.0,2023-10-30 19:15:00
2023-10-30 19:00:00,124.46,124.55,124.4,124.49,5463.0,2023-10-30 19:00:00
2023-10-30 18:45:00,124.45,124.55,124.45,124.55,4738.0,2023-10-30 18:45:00
2023-10-30 18:30:00,124.45,124.46,124.45,124.46,2288.0,2023-10-30 18:30:00
2023-10-30 18:15:00,124.45,124.5,124.38,124.47,3904.0,2023-10-30 18:15:00
2023-10-30 18:00:00,124.36,124.53,124.35,124.45,3356.0,2023-10-30 18:00:00
2023-10-30 17:45:00,124.52,124.53,124.315,124.52,1868.0,2023-10-30 17:45:00
2023-10-30 17:30:00,124.5,124.53,124.5,124.53,5066.0,2023-10-30 17:30:00
2023-10-30 17:15:00,124.39,124.53,124.31,124.53,701994.0,2023-10-30 17:15:00
2023-10-30 17:00:00,124.41,124.46,124.31,124.41,8709.0,2023-10-30 17:00:00
2023-10-30 16:45:00,124.2,124.44,124.13,124.42,7679.0,2023-10-30 16:45:00
2023-10-30 16:30:00,124.18,124.43,124.11,124.16,6988.0,2023-10-30 16:30:00
2023-10-30 16:15:00,124.46,124.57,123.99,124.17,80133.0,2023-10-30 16:15:00
2023-10-30 16:00:00,124.46,124.5,124.33,124.46,6266411.0,2023-10-30 16:00:00
2023-10-30 15:45:00,124.65,124.655,124.335,124.46,2680600.0,2023-10-30 15:45:00
2023-10-30 15:30:00,124.98,125.05,124.645,124.655,912588.0,2023-10-30 15:30:00
2023-10-30 15:15:00,124.85,125.2,124.75,124.975,667174.0,2023-10-30 15:15:00
2023-10-30 15:00:00,124.84,125.01,124.68,124.85,681386.0,2023-10-30 15:00:00
2023-10-30 14:45:00,125.04,125.06,124.805,124.835,453204.0,2023-10-30 14:45:00
2023-10-30 14:30:00,124.771,125.065,124.75,125.03,417393.0,2023-10-30 14:30:00
2023-10-30 14:15:00,124.88,124.94,124.74,124.76,517995.0,2023-10-30 14:15:00
2023-10-30 14:00:00,125.2,125.222,124.88,124.88,481693.0,2023-10-30 14:00:00
2023-10-30 13:45:00,124.86,125.21,124.755,125.2,551709.0,2023-10-30 13:45:00
2023-10-30 13:30:00,125.029,125.22,124.7,124.85,630128.0,2023-10-30 13:30:00
2023-10-30 13:15:00,124.205,125.04,124.205,125.02,748582.0,2023-10-30 13:15:00
2023-10-30 13:00:00,124.245,124.451,124.13,124.2,578716.0,2023-10-30 13:00:00
2023-10-30 12:45:00,124.255,124.345,123.99,124.245,587154.0,2023-10-30 12:45:00
2023-10-30 12:30:00,124.26,124.608,124.16,124.25,530992.0,2023-10-30 12:30:00
2023-10-30 12:15:00,124.67,124.78,124.24,124.271,484212.0,2023-10-30 12:15:00
2023-10-30 12:00:00,124.6,124.775,124.42,124.67,485957.0,2023-10-30 12:00:00
2023-10-30 11:45:00,124.494,124.69,124.3,124.62,493841.0,2023-10-30 11:45:00
2023-10-30 11:30:00,124.24,124.63,124.2,124.495,742257.0,2023-10-30 11:30:00
2023-10-30 11:15:00,124.21,125.27,123.96,124.235,683907.0,2023-10-30 11:15:00
2023-10-30 11:00:00,124.39,124.805,124.21,124.21,662646.0,2023-10-30 11:00:00
2023-10-30 10:45:00,123.84,124.545,123.77,124.37,988486.0,2023-10-30 10:45:00
2023-10-30 10:30:00,123.72,124.37,123.61,123.83,882331.0,2023-10-30 10:30:00
2023-10-30 10:15:00,124.28,124.31,123.39,123.72,1348252.0,2023-10-30 10:15:00
2023-10-30 10:00:00,125.14,125.4,123.31,124.28,1612216.0,2023-10-30 10:00:00
2023-10-30 09:45:00,124.22,125.155,124.14,125.13,2208438.0,2023-10-30 09:45:00
2023-10-30 09:30:00,123.21,124.23,122.75,124.21,2501528.0,2023-10-30 09:30:00
2023-10-30 09:15:00,123.14,123.39,123.0,123.25,66990.0,2023-10-30 09:15:00
2023-10-30 09:00:00,123.25,123.44,123.02,123.145,20222.0,2023-10-30 09:00:00
2023-10-30 08:45:00,123.33,123.415,120.455,123.31,22145.0,2023-10-30 08:45:00
2023-10-30 08:30:00,123.43,123.45,123.16,123.295,29189.0,2023-10-30 08:30:00
2023-10-30 08:15:00,123.31,123.45,123.3,123.44,10787.0,2023-10-30 08:15:00
2023-10-30 08:00:00,123.28,123.98,122.17,123.37,55689.0,2023-10-30 08:00:00
2023-10-30 07:45:00,123.46,123.65,123.45,123.6,17878.0,2023-10-30 07:45:00
2023-10-30 07:30:00,123.32,123.46,123.26,123.46,11071.0,2023-10-30 07:30:00
2023-10-30 07:15:00,123.23,123.36,123.21,123.3,7339.0,2023-10-30 07:15:00
2023-10-30 07:00:00,123.16,123.29,123.11,123.22,27890.0,2023-10-30 07:00:00
2023-10-30 06:45:00,123.25,123.27,123.14,123.16,2905.0,2023-10-30 06:45:00
2023-10-30 06:30:00,123.24,123.29,123.19,123.27,1908.0,2023-10-30 06:30:00
2023-10-30 06:15:00,123.29,123.33,123.16,123.25,2722.0,2023-10-30 06:15:00
2023-10-30 06:00:00,123.23,123.31,123.15,123.22,2896.0,2023-10-30 06:00:00
2023-10-30 05:45:00,123.23,123.33,123.23,123.29,1712.0,2023-10-30 05:45:00
2023-10-30 05:30:00,123.28,123.29,123.17,123.23,947.0,2023-10-30 05:30:00
2023-10-30 05:15:00,123.3,123.41,123.21,123.28,3135.0,2023-10-30 05:15:00
2023-10-30 05:00:00,123.2,123.3,123.08,123.26,5856.0,2023-10-30 05:00:00
2023-10-30 04:45:00,123.18,123.24,123.09,123.15,4402.0,2023-10-30 04:45:00
2023-10-30 04:30:00,123.2,123.29,123.11,123.12,2286.0,2023-10-30 04:30:00
2023-10-30 04:15:00,123.07,123.37,123.03,123.28,2184.0,2023-10-30 04:15:00
2023-10-30 04:00:00,122.23,123.69,122.16,123.13,18279.0,2023-10-30 04:00:00
2023-10-27 19:45:00,122.25,122.28,122.0,122.0,5372.0,2023-10-27 19:45:00
2023-10-27 19:30:00,122.2,122.28,122.18,122.27,6737.0,2023-10-27 19:30:00
2023-10-27 19:15:00,122.19,122.25,122.18,122.2,6874.0,2023-10-27 19:15:00
2023-10-27 19:00:00,122.23,122.27,122.17,122.19,3246.0,2023-10-27 19:00:00
2023-10-27 18:45:00,122.2,122.23,122.17,122.17,1510.0,2023-10-27 18:45:00
2023-10-27 18:30:00,122.21,122.23,122.17,122.2,9821.0,2023-10-27 18:30:00
2023-10-27 18:15:00,122.25,122.26,122.17,122.22,1287.0,2023-10-27 18:15:00
2023-10-27 18:00:00,122.2,122.27,122.17,122.18,2120.0,2023-10-27 18:00:00
2023-10-27 17:45:00,122.2,122.2,122.17,122.2,4355.0,2023-10-27 17:45:00
2023-10-27 17:30:00,122.18,122.21,122.17,122.2,4556.0,2023-10-27 17:30:00
2023-10-27 17:15:00,122.17,122.21,121.203,122.17,641247.0,2023-10-27 17:15:00
2023-10-27 17:00:00,122.17,122.24,122.17,122.22,11428.0,2023-10-27 17:00:00
2023-10-27 16:45:00,122.27,122.27,122.17,122.17,6860.0,2023-10-27 16:45:00
2023-10-27 16:30:00,122.35,122.41,122.25,122.27,10654.0,2023-10-27 16:30:00
2023-10-27 16:15:00,122.17,122.39,121.77,122.32,129422.0,2023-10-27 16:15:00
2023-10-27 16:00:00,122.18,122.47,122.1,122.31,6922988.0,2023-10-27 16:00:00
2023-10-27 15:45:00,121.64,122.3,121.49,122.18,3711597.0,2023-10-27 15:45:00
2023-10-27 15:30:00,122.17,122.22,121.63,121.63,1372764.0,2023-10-27 15:30:00
2023-10-27 15:15:00,121.99,122.21,121.9,122.17,988856.0,2023-10-27 15:15:00
2023-10-27 15:00:00,121.78,122.19,121.685,121.99,882547.0,2023-10-27 15:00:00
2023-10-27 14:45:00,122.02,122.03,121.63,121.77,955261.0,2023-10-27 14:45:00
2023-10-27 14:30:00,121.48,122.1,121.394,122.02,726023.0,2023-10-27 14:30:00
2023-10-27 14:15:00,121.43,121.64,121.24,121.47,674261.0,2023-10-27 14:15:00
2023-10-27 14:00:00,121.49,121.54,121.07,121.44,780932.0,2023-10-27 14:00:00
2023-10-27 13:45:00,121.63,121.72,121.26,121.49,803942.0,2023-10-27 13:45:00
2023-10-27 13:30:00,121.46,121.8,121.32,121.65,793943.0,2023-10-27 13:30:00
2023-10-27 13:15:00,121.45,121.681,121.25,121.455,1005802.0,2023-10-27 13:15:00
2023-10-27 13:00:00,121.815,121.95,121.27,121.442,929358.0,2023-10-27 13:00:00
2023-10-27 12:45:00,122.195,122.22,121.77,121.812,873377.0,2023-10-27 12:45:00
2023-10-27 12:30:00,122.33,122.578,122.15,122.19,676142.0,2023-10-27 12:30:00
2023-10-27 12:15:00,122.26,122.62,122.08,122.325,717963.0,2023-10-27 12:15:00
2023-10-27 12:00:00,122.42,122.805,122.23,122.27,1296811.0,2023-10-27 12:00:00
2023-10-27 11:45:00,122.09,122.44,121.82,122.43,970764.0,2023-10-27 11:45:00
2023-10-27 11:30:00,121.96,122.325,121.64,122.09,1473613.0,2023-10-27 11:30:00
2023-10-27 11:15:00,121.976,122.18,121.78,121.955,1528651.0,2023-10-27 11:15:00
2023-10-27 11:00:00,121.225,122.05,120.98,121.96,1448115.0,2023-10-27 11:00:00
2023-10-27 10:45:00,120.68,121.45,120.64,121.22,1597170.0,2023-10-27 10:45:00
2023-10-27 10:30:00,121.13,121.67,120.655,120.68,1822885.0,2023-10-27 10:30:00
2023-10-27 10:15:00,121.56,122.12,121.11,121.13,2107993.0,2023-10-27 10:15:00
2023-10-27 10:00:00,121.14,121.87,120.78,121.57,2697128.0,2023-10-27 10:00:00
2023-10-27 09:45:00,121.19,121.4,120.206,121.15,4159516.0,2023-10-27 09:45:00
2023-10-27 09:30:00,122.88,123.31,120.63,121.13,4606183.0,2023-10-27 09:30:00
2023-10-27 09:15:00,122.79,122.98,122.61,122.88,49530.0,2023-10-27 09:15:00
2023-10-27 09:00:00,122.96,124.025,121.67,122.79,22434.0,2023-10-27 09:00:00
2023-10-27 08:45:00,122.81,123.18,122.77,122.97,32924.0,2023-10-27 08:45:00
2023-10-27 08:30:00,122.95,123.0,122.63,122.7,30160.0,2023-10-27 08:30:00
2023-10-27 08:15:00,122.83,123.0,122.785,123.0,11011.0,2023-10-27 08:15:00
2023-10-27 08:00:00,122.95,123.89,122.28,122.84,50297.0,2023-10-27 08:00:00
2023-10-27 07:45:00,122.63,122.89,122.62,122.7,7529.0,2023-10-27 07:45:00
2023-10-27 07:30:00,122.57,122.68,122.52,122.62,6524.0,2023-10-27 07:30:00
2023-10-27 07:15:00,122.7,122.71,122.53,122.59,8789.0,2023-10-27 07:15:00
2023-10-27 07:00:00,122.93,123.07,122.68,122.68,13899.0,2023-10-27 07:00:00
2023-10-27 06:45:00,123.03,123.17,122.85,122.93,5607.0,2023-10-27 06:45:00
2023-10-27 06:30:00,123.06,123.12,122.97,123.03,6644.0,2023-10-27 06:30:00
2023-10-27 06:15:00,123.11,123.11,123.02,123.07,3171.0,2023-10-27 06:15:00
2023-10-27 06:00:00,123.1,123.15,123.06,123.1,1411.0,2023-10-27 06:00:00
2023-10-27 05:45:00,123.06,123.13,122.97,123.1,1629.0,2023-10-27 05:45:00
2023-10-27 05:30:00,122.95,123.04,122.86,123.0,4060.0,2023-10-27 05:30:00
2023-10-27 05:15:00,123.05,123.18,122.89,122.98,2502.0,2023-10-27 05:15:00
2023-10-27 05:00:00,123.19,123.2,123.0,123.0,3217.0,2023-10-27 05:00:00
2023-10-27 04:45:00,123.22,123.23,123.16,123.2,4375.0,2023-10-27 04:45:00
2023-10-27 04:30:00,123.12,123.28,123.12,123.22,3299.0,2023-10-27 04:30:00
2023-10-27 04:15:00,122.94,123.12,122.92,123.05,4659.0,2023-10-27 04:15:00
2023-10-27 04:00:00,123.11,123.75,122.8,122.89,10620.0,2023-10-27 04:00:00
2023-10-26 19:45:00,123.15,123.34,123.06,123.18,18042.0,2023-10-26 19:45:00
2023-10-26 19:30:00,123.11,123.32,123.03,123.1,8563.0,2023-10-26 19:30:00
2023-10-26 19:15:00,123.36,123.37,123.08,123.11,9723.0,2023-10-26 19:15:00
2023-10-26 19:00:00,123.11,123.37,123.0,123.33,23067.0,2023-10-26 19:00:00
2023-10-26 18:45:00,123.1,123.17,123.02,123.15,13378.0,2023-10-26 18:45:00
2023-10-26 18:30:00,122.75,123.17,122.74,123.1,18958.0,2023-10-26 18:30:00
2023-10-26 18:15:00,122.28,122.89,122.24,122.8,31572.0,2023-10-26 18:15:00
2023-10-26 18:00:00,122.0,122.35,121.9,122.28,9878.0,2023-10-26 18:00:00
2023-10-26 17:45:00,121.79,122.23,121.51,122.0,38440.0,2023-10-26 17:45:00
2023-10-26 17:30:00,121.5,121.95,121.37,121.84,27043.0,2023-10-26 17:30:00
2023-10-26 17:15:00,121.54,122.28,113.192,121.5,1044557.0,2023-10-26 17:15:00
2023-10-26 17:00:00,121.512,122.28,121.43,121.58,30825.0,2023-10-26 17:00:00
2023-10-26 16:45:00,121.89,122.28,121.43,121.51,98354.0,2023-10-26 16:45:00
2023-10-26 16:30:00,122.3,122.39,121.75,121.89,47224.0,2023-10-26 16:30:00
2023-10-26 16:15:00,122.28,126.12,122.16,122.28,61891.0,2023-10-26 16:15:00
2023-10-26 16:00:00,122.25,122.38,121.86,122.24,8091414.0,2023-10-26 16:00:00
2023-10-26 15:45:00,122.14,122.6,122.025,122.26,4404533.0,2023-10-26 15:45:00
2023-10-26 15:30:00,122.79,122.85,122.14,122.14,1723850.0,2023-10-26 15:30:00
2023-10-26 15:15:00,122.76,122.89,122.59,122.79,1243038.0,2023-10-26 15:15:00
2023-10-26 15:00:00,122.98,123.32,122.76,122.77,1088342.0,2023-10-26 15:00:00
2023-10-26 14:45:00,122.83,123.11,122.81,122.98,1052095.0,2023-10-26 14:45:00
2023-10-26 14:30:00,123.075,123.342,122.76,122.83,1311918.0,2023-10-26 14:30:00
2023-10-26 14:15:00,122.613,123.08,122.475,123.07,1008049.0,2023-10-26 14:15:00
2023-10-26 14:00:00,122.42,122.88,122.24,122.612,1211383.0,2023-10-26 14:00:00
2023-10-26 13:45:00,122.125,122.59,122.125,122.42,889087.0,2023-10-26 13:45:00
2023-10-26 13:30:00,121.69,122.15,121.51,122.115,980287.0,2023-10-26 13:30:00
2023-10-26 13:15:00,122.0,122.14,121.6,121.7,1240819.0,2023-10-26 13:15:00
2023-10-26 13:00:00,121.795,122.22,121.66,122.0,1177793.0,2023-10-26 13:00:00
2023-10-26 12:45:00,122.295,122.295,121.755,121.79,1248110.0,2023-10-26 12:45:00
2023-10-26 12:30:00,122.27,122.35,122.05,122.29,1006474.0,2023-10-26 12:30:00
2023-10-26 12:15:00,122.44,122.44,122.04,122.275,1219820.0,2023-10-26 12:15:00
2023-10-26 12:00:00,122.745,122.97,122.14,122.45,1249956.0,2023-10-26 12:00:00
2023-10-26 11:45:00,122.525,123.075,122.5,122.75,1141377.0,2023-10-26 11:45:00
2023-10-26 11:30:00,123.16,123.36,122.43,122.51,1349539.0,2023-10-26 11:30:00
2023-10-26 11:15:00,122.93,123.46,122.801,123.16,1429637.0,2023-10-26 11:15:00
2023-10-26 11:00:00,123.507,123.58,122.75,122.92,1727380.0,2023-10-26 11:00:00
2023-10-26 10:45:00,122.87,123.9,122.8,123.49,2481297.0,2023-10-26 10:45:00
2023-10-26 10:30:00,122.51,122.89,121.94,122.88,1849556.0,2023-10-26 10:30:00
2023-10-26 10:15:00,121.35,122.72,121.27,122.5,2770562.0,2023-10-26 10:15:00
2023-10-26 10:00:00,121.72,122.23,121.275,121.35,2958767.0,2023-10-26 10:00:00
2023-10-26 09:45:00,123.33,123.52,121.46,121.728,4633601.0,2023-10-26 09:45:00
2023-10-26 09:30:00,123.27,124.33,122.14,123.35,7523893.0,2023-10-26 09:30:00
2023-10-26 09:15:00,123.07,123.4,122.92,123.07,171964.0,2023-10-26 09:15:00
2023-10-26 09:00:00,123.03,128.23,122.76,123.07,125246.0,2023-10-26 09:00:00
2023-10-26 08:45:00,122.92,123.27,122.62,123.03,87359.0,2023-10-26 08:45:00
2023-10-26 08:30:00,123.0,123.4,122.662,122.975,109207.0,2023-10-26 08:30:00
2023-10-26 08:15:00,122.68,123.08,122.605,123.058,46983.0,2023-10-26 08:15:00
2023-10-26 08:00:00,123.25,125.61,121.8,122.64,258643.0,2023-10-26 08:00:00
2023-10-26 07:45:00,123.25,123.29,122.61,122.74,82294.0,2023-10-26 07:45:00
2023-10-26 07:30:00,123.17,123.29,123.0,123.25,37751.0,2023-10-26 07:30:00
2023-10-26 07:15:00,123.13,123.19,122.95,123.14,49753.0,2023-10-26 07:15:00
2023-10-26 07:00:00,123.27,123.33,123.04,123.13,43241.0,2023-10-26 07:00:00
2023-10-26 06:45:00,123.44,123.45,123.25,123.27,4385.0,2023-10-26 06:45:00
2023-10-26 06:30:00,123.37,123.5,123.32,123.43,12507.0,2023-10-26 06:30:00
2023-10-26 06:15:00,123.35,123.43,123.28,123.36,3774.0,2023-10-26 06:15:00
2023-10-26 06:00:00,123.12,123.36,123.0,123.36,14042.0,2023-10-26 06:00:00
2023-10-26 05:45:00,123.26,123.29,123.11,123.11,27651.0,2023-10-26 05:45:00
2023-10-26 05:30:00,123.15,123.29,123.06,123.26,8588.0,2023-10-26 05:30:00
2023-10-26 05:15:00,123.04,123.25,122.8,123.19,15566.0,2023-10-26 05:15:00
2023-10-26 05:00:00,122.77,123.2,122.75,123.09,14146.0,2023-10-26 05:00:00
2023-10-26 04:45:00,122.86,122.99,122.73,122.78,2728.0,2023-10-26 04:45:00
2023-10-26 04:30:00,122.83,123.13,122.73,122.9,9710.0,2023-10-26 04:30:00
2023-10-26 04:15:00,122.49,123.06,122.46,122.83,22068.0,2023-10-26 04:15:00
2023-10-26 04:00:00,122.3,123.2,122.29,122.48,24892.0,2023-10-26 04:00:00
2023-10-25 19:45:00,122.6,122.7,122.47,122.7,81604.0,2023-10-25 19:45:00
2023-10-25 19:30:00,122.4,122.62,122.32,122.6,50414.0,2023-10-25 19:30:00
2023-10-25 19:15:00,122.68,122.7,122.3,122.45,41239.0,2023-10-25 19:15:00
2023-10-25 19:00:00,122.61,122.74,122.5,122.67,40064.0,2023-10-25 19:00:00
2023-10-25 18:45:00,122.784,122.83,122.52,122.63,33457.0,2023-10-25 18:45:00
2023-10-25 18:30:00,122.75,123.0,122.64,122.83,60912.0,2023-10-25 18:30:00
2023-10-25 18:15:00,123.21,123.25,122.39,122.75,176297.0,2023-10-25 18:15:00
2023-10-25 18:00:00,124.0,124.0,123.18,123.22,96125.0,2023-10-25 18:00:00
2023-10-25 17:45:00,124.56,124.6,123.8,124.0,87581.0,2023-10-25 17:45:00
2023-10-25 17:30:00,124.54,124.62,124.4,124.57,21426.0,2023-10-25 17:30:00
2023-10-25 17:15:00,124.5,124.58,124.26,124.55,36322.0,2023-10-25 17:15:00
2023-10-25 17:00:00,124.5,125.61,124.43,124.5,92913.0,2023-10-25 17:00:00
2023-10-25 16:45:00,124.6,125.61,124.28,124.5,110193.0,2023-10-25 16:45:00
2023-10-25 16:30:00,125.08,125.61,124.55,124.61,144189.0,2023-10-25 16:30:00
2023-10-25 16:15:00,125.61,125.61,124.92,125.05,240321.0,2023-10-25 16:15:00
2023-10-25 16:00:00,125.61,125.872,124.77,125.25,9704040.0,2023-10-25 16:00:00
2023-10-25 15:45:00,125.665,125.82,125.4,125.63,5843503.0,2023-10-25 15:45:00
2023-10-25 15:30:00,125.905,126.265,125.65,125.665,2321524.0,2023-10-25 15:30:00
2023-10-25 15:15:00,125.344,125.95,125.34,125.905,1861966.0,2023-10-25 15:15:00
2023-10-25 15:00:00,125.71,125.785,125.3,125.35,1327277.0,2023-10-25 15:00:00
2023-10-25 14:45:00,125.355,125.74,125.16,125.701,1188542.0,2023-10-25 14:45:00
2023-10-25 14:30:00,125.125,125.37,125.07,125.355,1437638.0,2023-10-25 14:30:00
2023-10-25 14:15:00,125.56,125.68,125.12,125.12,1266561.0,2023-10-25 14:15:00
2023-10-25 14:00:00,125.615,125.8,125.284,125.56,1328052.0,2023-10-25 14:00:00
2023-10-25 13:45:00,125.635,125.74,125.18,125.614,1780751.0,2023-10-25 13:45:00
2023-10-25 13:30:00,126.39,126.39,125.585,125.63,1283747.0,2023-10-25 13:30:00
2023-10-25 13:15:00,126.875,126.985,126.21,126.38,1281144.0,2023-10-25 13:15:00
2023-10-25 13:00:00,126.42,126.91,126.18,126.87,1305248.0,2023-10-25 13:00:00
2023-10-25 12:45:00,126.27,126.52,126.185,126.42,1085017.0,2023-10-25 12:45:00
2023-10-25 12:30:00,126.76,126.85,126.155,126.27,1199544.0,2023-10-25 12:30:00
2023-10-25 12:15:00,126.49,126.98,126.431,126.76,1839776.0,2023-10-25 12:15:00
2023-10-25 12:00:00,125.915,126.54,125.725,126.48,1902115.0,2023-10-25 12:00:00
2023-10-25 11:45:00,126.13,126.485,125.665,125.915,1987363.0,2023-10-25 11:45:00
2023-10-25 11:30:00,126.62,126.8,125.95,126.139,2062023.0,2023-10-25 11:30:00
2023-10-25 11:15:00,126.86,126.86,126.2,126.62,2418492.0,2023-10-25 11:15:00
2023-10-25 11:00:00,126.43,126.99,126.215,126.86,2476380.0,2023-10-25 11:00:00
2023-10-25 10:45:00,126.69,127.4,126.42,126.42,2486132.0,2023-10-25 10:45:00
2023-10-25 10:30:00,126.22,126.83,126.093,126.69,2685707.0,2023-10-25 10:30:00
2023-10-25 10:15:00,127.16,127.46,125.85,126.21,4020826.0,2023-10-25 10:15:00
2023-10-25 10:00:00,127.57,127.65,126.76,127.15,4986973.0,2023-10-25 10:00:00
2023-10-25 09:45:00,126.03,127.58,125.86,127.558,5924229.0,2023-10-25 09:45:00
2023-10-25 09:30:00,128.16,128.31,125.35,126.04,17396372.0,2023-10-25 09:30:00
2023-10-25 09:15:00,130.28,130.4,127.76,128.17,856570.0,2023-10-25 09:15:00
2023-10-25 09:00:00,130.5,130.5,130.18,130.29,129756.0,2023-10-25 09:00:00
2023-10-25 08:45:00,130.17,131.2,130.02,130.5,221481.0,2023-10-25 08:45:00
2023-10-25 08:30:00,130.53,130.63,129.8,130.14,197630.0,2023-10-25 08:30:00
2023-10-25 08:15:00,130.26,131.0,130.24,130.52,169166.0,2023-10-25 08:15:00
2023-10-25 08:00:00,130.06,130.93,129.175,130.3,272065.0,2023-10-25 08:00:00
2023-10-25 07:45:00,130.49,130.55,129.75,130.06,205244.0,2023-10-25 07:45:00
2023-10-25 07:30:00,130.5,130.65,130.35,130.49,216776.0,2023-10-25 07:30:00
2023-10-25 07:15:00,130.19,130.56,130.06,130.5,134086.0,2023-10-25 07:15:00
2023-10-25 07:00:00,129.74,130.29,129.62,130.17,96373.0,2023-10-25 07:00:00
2023-10-25 06:45:00,129.61,129.74,129.38,129.74,21130.0,2023-10-25 06:45:00
2023-10-25 06:30:00,129.5,129.61,129.48,129.61,20745.0,2023-10-25 06:30:00
2023-10-25 06:15:00,129.36,129.5,129.28,129.48,10185.0,2023-10-25 06:15:00
2023-10-25 06:00:00,129.38,129.44,129.22,129.4,5939.0,2023-10-25 06:00:00
2023-10-25 05:45:00,129.28,129.44,129.15,129.37,10621.0,2023-10-25 05:45:00
2023-10-25 05:30:00,129.59,129.73,129.23,129.23,33804.0,2023-10-25 05:30:00
2023-10-25 05:15:00,129.65,129.7,129.27,129.55,11104.0,2023-10-25 05:15:00
2023-10-25 05:00:00,129.92,129.99,129.55,129.67,10821.0,2023-10-25 05:00:00
2023-10-25 04:45:00,129.77,129.97,129.72,129.97,14717.0,2023-10-25 04:45:00
2023-10-25 04:30:00,129.42,129.8,129.28,129.75,21650.0,2023-10-25 04:30:00
2023-10-25 04:15:00,129.45,130.0,129.11,129.42,17638.0,2023-10-25 04:15:00
2023-10-25 04:00:00,130.13,130.51,129.0,129.4,65086.0,2023-10-25 04:00:00
2023-10-24 19:45:00,130.05,130.42,130.0,130.38,63809.0,2023-10-24 19:45:00
2023-10-24 19:30:00,130.01,130.06,129.94,130.05,18677.0,2023-10-24 19:30:00
2023-10-24 19:15:00,130.02,130.1,129.95,130.0,19883.0,2023-10-24 19:15:00
2023-10-24 19:00:00,129.99,130.1,129.91,130.02,37538.0,2023-10-24 19:00:00
2023-10-24 18:45:00,129.98,130.19,129.91,129.99,111627.0,2023-10-24 18:45:00
2023-10-24 18:30:00,129.89,129.99,129.8,129.99,64852.0,2023-10-24 18:30:00
2023-10-24 18:15:00,129.5,129.9,129.4,129.9,90302.0,2023-10-24 18:15:00
2023-10-24 18:00:00,129.96,130.0,129.35,129.521,139797.0,2023-10-24 18:00:00
2023-10-24 17:45:00,129.802,130.21,129.56,129.96,285599.0,2023-10-24 17:45:00
2023-10-24 17:30:00,129.68,130.0,129.31,129.8,301118.0,2023-10-24 17:30:00
2023-10-24 17:15:00,129.79,138.81,129.4,129.68,382202.0,2023-10-24 17:15:00
2023-10-24 17:00:00,130.65,131.0,128.8,129.83,1059753.0,2023-10-24 17:00:00
2023-10-24 16:45:00,132.4,132.87,130.32,130.65,584428.0,2023-10-24 16:45:00
2023-10-24 16:30:00,131.87,133.45,131.6,132.39,705789.0,2023-10-24 16:30:00
2023-10-24 16:15:00,130.67,138.81,129.58,131.79,1377119.0,2023-10-24 16:15:00
2023-10-24 16:00:00,138.93,140.24,129.44,130.7,11716875.0,2023-10-24 16:00:00
2023-10-24 15:45:00,139.195,139.21,138.65,138.93,3635913.0,2023-10-24 15:45:00
2023-10-24 15:30:00,139.06,139.23,138.963,139.193,1921788.0,2023-10-24 15:30:00
2023-10-24 15:15:00,138.695,139.13,138.695,139.06,1321224.0,2023-10-24 15:15:00
2023-10-24 15:00:00,138.68,138.8,138.433,138.69,1126939.0,2023-10-24 15:00:00
2023-10-24 14:45:00,138.83,138.93,138.61,138.68,720907.0,2023-10-24 14:45:00
2023-10-24 14:30:00,138.875,138.915,138.66,138.825,826705.0,2023-10-24 14:30:00
2023-10-24 14:15:00,138.48,138.88,138.38,138.87,652944.0,2023-10-24 14:15:00
2023-10-24 14:00:00,138.36,138.535,138.24,138.478,629102.0,2023-10-24 14:00:00
2023-10-24 13:45:00,138.345,138.63,138.21,138.366,900256.0,2023-10-24 13:45:00
2023-10-24 13:30:00,138.11,138.38,138.065,138.345,848996.0,2023-10-24 13:30:00
2023-10-24 13:15:00,137.84,138.129,137.78,138.11,906718.0,2023-10-24 13:15:00
2023-10-24 13:00:00,137.671,137.98,137.61,137.84,1150462.0,2023-10-24 13:00:00
2023-10-24 12:45:00,137.725,137.755,137.53,137.68,1098240.0,2023-10-24 12:45:00
2023-10-24 12:30:00,137.97,138.14,137.71,137.73,797180.0,2023-10-24 12:30:00
2023-10-24 12:15:00,138.92,138.92,137.9,137.95,1219024.0,2023-10-24 12:15:00
2023-10-24 12:00:00,139.07,139.145,138.89,138.925,1008433.0,2023-10-24 12:00:00
2023-10-24 11:45:00,138.745,139.09,138.7,139.06,778696.0,2023-10-24 11:45:00
2023-10-24 11:30:00,139.08,139.147,138.7,138.75,757109.0,2023-10-24 11:30:00
2023-10-24 11:15:00,139.255,139.36,138.55,139.08,901133.0,2023-10-24 11:15:00
2023-10-24 11:00:00,139.04,139.31,138.91,139.245,967227.0,2023-10-24 11:00:00
2023-10-24 10:45:00,138.94,139.24,138.711,139.025,826308.0,2023-10-24 10:45:00
2023-10-24 10:30:00,138.93,139.24,138.78,138.93,1032980.0,2023-10-24 10:30:00
2023-10-24 10:15:00,138.72,138.94,138.185,138.94,1033095.0,2023-10-24 10:15:00
2023-10-24 10:00:00,138.75,139.08,138.355,138.73,1420477.0,2023-10-24 10:00:00
2023-10-24 09:45:00,138.45,138.78,138.0,138.76,1830472.0,2023-10-24 09:45:00
2023-10-24 09:30:00,137.83,138.65,137.42,138.44,2467060.0,2023-10-24 09:30:00
2023-10-24 09:15:00,138.13,138.25,136.5,137.82,67275.0,2023-10-24 09:15:00
2023-10-24 09:00:00,138.28,138.3,137.9,138.15,32043.0,2023-10-24 09:00:00
2023-10-24 08:45:00,138.15,138.3,138.05,138.26,17100.0,2023-10-24 08:45:00
2023-10-24 08:30:00,138.12,138.37,137.96,138.117,25060.0,2023-10-24 08:30:00
2023-10-24 08:15:00,137.97,138.29,137.81,138.15,28419.0,2023-10-24 08:15:00
2023-10-24 08:00:00,137.8,138.29,136.5,137.95,94006.0,2023-10-24 08:00:00
2023-10-24 07:45:00,138.06,138.2,138.04,138.14,5137.0,2023-10-24 07:45:00
2023-10-24 07:30:00,138.15,138.24,138.07,138.08,25871.0,2023-10-24 07:30:00
2023-10-24 07:15:00,137.79,138.17,137.71,138.09,22654.0,2023-10-24 07:15:00
2023-10-24 07:00:00,137.73,137.94,137.68,137.76,20615.0,2023-10-24 07:00:00
2023-10-24 06:45:00,137.79,137.88,137.73,137.77,902.0,2023-10-24 06:45:00
2023-10-24 06:30:00,137.65,137.92,137.65,137.77,2253.0,2023-10-24 06:30:00
2023-10-24 06:15:00,137.78,137.78,137.6,137.67,4021.0,2023-10-24 06:15:00
2023-10-24 06:00:00,137.76,137.85,137.75,137.78,2234.0,2023-10-24 06:00:00
2023-10-24 05:45:00,137.85,137.89,137.75,137.76,1999.0,2023-10-24 05:45:00
2023-10-24 05:30:00,137.84,137.88,137.78,137.8,2202.0,2023-10-24 05:30:00
2023-10-24 05:15:00,137.72,137.85,137.71,137.84,3223.0,2023-10-24 05:15:00
2023-10-24 05:00:00,137.6,137.85,137.6,137.72,3999.0,2023-10-24 05:00:00
2023-10-24 04:45:00,137.49,137.63,137.41,137.63,2516.0,2023-10-24 04:45:00
2023-10-24 04:30:00,137.6,137.65,137.24,137.41,5307.0,2023-10-24 04:30:00
2023-10-24 04:15:00,137.78,137.78,137.5,137.68,11041.0,2023-10-24 04:15:00
2023-10-24 04:00:00,138.31,138.31,137.6,137.78,5954.0,2023-10-24 04:00:00
2023-10-23 19:45:00,137.46,137.58,137.4,137.58,13457.0,2023-10-23 19:45:00
2023-10-23 19:30:00,137.33,137.53,137.22,137.53,7202.0,2023-10-23 19:30:00
2023-10-23 19:15:00,137.27,137.35,137.2,137.35,6423.0,2023-10-23 19:15:00
2023-10-23 19:00:00,137.24,137.28,137.2,137.28,3831.0,2023-10-23 19:00:00
2023-10-23 18:45:00,137.22,137.28,137.2,137.22,2814.0,2023-10-23 18:45:00
2023-10-23 18:30:00,137.19,137.28,137.18,137.25,3640.0,2023-10-23 18:30:00
2023-10-23 18:15:00,137.22,137.22,137.07,137.15,3354.0,2023-10-23 18:15:00
2023-10-23 18:00:00,137.23,137.29,137.08,137.22,7811.0,2023-10-23 18:00:00
2023-10-23 17:45:00,137.15,137.24,137.1,137.23,4269.0,2023-10-23 17:45:00
2023-10-23 17:30:00,137.21,137.23,136.97,137.15,2133.0,2023-10-23 17:30:00
2023-10-23 17:15:00,137.17,137.28,137.042,137.12,5386.0,2023-10-23 17:15:00
2023-10-23 17:00:00,137.29,137.29,136.5,137.16,25513.0,2023-10-23 17:00:00
2023-10-23 16:45:00,137.23,137.34,137.153,137.28,12216.0,2023-10-23 16:45:00
2023-10-23 16:30:00,137.14,137.29,136.5,137.28,40327.0,2023-10-23 16:30:00
2023-10-23 16:15:00,136.5,137.13,136.5,137.12,25634.0,2023-10-23 16:15:00
2023-10-23 16:00:00,136.51,137.06,136.5,136.99,6459751.0,2023-10-23 16:00:00
2023-10-23 15:45:00,136.84,137.019,136.47,136.51,2690046.0,2023-10-23 15:45:00
2023-10-23 15:30:00,137.14,137.14,136.76,136.84,954975.0,2023-10-23 15:30:00
2023-10-23 15:15:00,137.29,137.42,137.05,137.135,697036.0,2023-10-23 15:15:00
2023-10-23 15:00:00,137.255,137.54,137.05,137.29,921876.0,2023-10-23 15:00:00
2023-10-23 14:45:00,137.254,137.43,137.08,137.255,554737.0,2023-10-23 14:45:00
2023-10-23 14:30:00,137.23,137.46,136.981,137.27,722592.0,2023-10-23 14:30:00
2023-10-23 14:15:00,137.55,137.6,137.13,137.221,590028.0,2023-10-23 14:15:00
2023-10-23 14:00:00,137.37,137.66,137.17,137.545,577346.0,2023-10-23 14:00:00
2023-10-23 13:45:00,137.26,137.55,137.14,137.38,680338.0,2023-10-23 13:45:00
2023-10-23 13:30:00,137.085,137.35,136.93,137.255,574695.0,2023-10-23 13:30:00
2023-10-23 13:15:00,137.115,137.21,136.965,137.08,502679.0,2023-10-23 13:15:00
2023-10-23 13:00:00,137.371,137.41,136.985,137.12,605731.0,2023-10-23 13:00:00
2023-10-23 12:45:00,136.85,137.39,136.83,137.375,597295.0,2023-10-23 12:45:00
2023-10-23 12:30:00,136.91,136.95,136.622,136.86,466169.0,2023-10-23 12:30:00
2023-10-23 12:15:00,136.88,137.07,136.69,136.905,621899.0,2023-10-23 12:15:00
2023-10-23 12:00:00,136.89,137.085,136.76,136.87,739283.0,2023-10-23 12:00:00
2023-10-23 11:45:00,136.55,136.888,136.476,136.885,418451.0,2023-10-23 11:45:00
2023-10-23 11:30:00,136.59,136.783,136.46,136.555,758896.0,2023-10-23 11:30:00
2023-10-23 11:15:00,136.375,136.605,136.29,136.58,581912.0,2023-10-23 11:15:00
2023-10-23 11:00:00,136.23,136.385,136.0,136.36,595049.0,2023-10-23 11:00:00
2023-10-23 10:45:00,136.13,136.23,135.83,136.225,494029.0,2023-10-23 10:45:00
2023-10-23 10:30:00,135.85,136.2,135.7,136.13,789451.0,2023-10-23 10:30:00
2023-10-23 10:15:00,135.74,136.11,135.49,135.86,849525.0,2023-10-23 10:15:00
2023-10-23 10:00:00,135.34,135.843,135.255,135.74,1050269.0,2023-10-23 10:00:00
2023-10-23 09:45:00,134.39,135.43,134.14,135.34,1447094.0,2023-10-23 09:45:00
2023-10-23 09:30:00,135.04,135.55,133.95,134.4,2076224.0,2023-10-23 09:30:00
2023-10-23 09:15:00,134.96,135.17,134.66,135.04,33343.0,2023-10-23 09:15:00
2023-10-23 09:00:00,135.213,135.305,134.91,134.91,13048.0,2023-10-23 09:00:00
2023-10-23 08:45:00,135.16,135.38,135.01,135.22,7590.0,2023-10-23 08:45:00
2023-10-23 08:30:00,135.26,136.98,135.05,135.25,12187.0,2023-10-23 08:30:00
2023-10-23 08:15:00,134.84,135.32,134.76,135.26,16574.0,2023-10-23 08:15:00
2023-10-23 08:00:00,136.08,136.39,134.255,134.9,49232.0,2023-10-23 08:00:00
2023-10-23 07:45:00,135.13,135.25,134.9,134.91,11030.0,2023-10-23 07:45:00
2023-10-23 07:30:00,134.75,135.18,134.71,135.16,6138.0,2023-10-23 07:30:00
2023-10-23 07:15:00,134.73,134.77,134.62,134.72,6190.0,2023-10-23 07:15:00
2023-10-23 07:00:00,134.68,134.84,134.63,134.71,5816.0,2023-10-23 07:00:00
2023-10-23 06:45:00,134.74,134.79,134.49,134.63,2422.0,2023-10-23 06:45:00
2023-10-23 06:30:00,134.56,134.73,134.5,134.72,8085.0,2023-10-23 06:30:00
2023-10-23 06:15:00,134.57,134.7,134.53,134.6,1445.0,2023-10-23 06:15:00
2023-10-23 06:00:00,134.33,134.59,134.3,134.52,3095.0,2023-10-23 06:00:00
2023-10-23 05:45:00,134.58,134.58,134.13,134.28,14959.0,2023-10-23 05:45:00
2023-10-23 05:30:00,135.04,135.04,134.46,134.55,7195.0,2023-10-23 05:30:00
2023-10-23 05:15:00,135.17,135.25,135.04,135.04,3450.0,2023-10-23 05:15:00
2023-10-23 05:00:00,135.56,135.6,135.1,135.16,3136.0,2023-10-23 05:00:00
2023-10-23 04:45:00,135.63,135.69,135.39,135.51,2186.0,2023-10-23 04:45:00
2023-10-23 04:30:00,135.69,135.78,135.6,135.66,1605.0,2023-10-23 04:30:00
2023-10-23 04:15:00,135.88,135.99,135.73,135.73,2820.0,2023-10-23 04:15:00
2023-10-23 04:00:00,135.99,136.16,135.5,135.88,4648.0,2023-10-23 04:00:00
